,Exp. No.,Salt,Concentration (mol/l),FP position,Gas flow (l/min),Date,PP Timestamp,FP Timestamp,Datetime,Comment,Ignore
0,0.0,Water,0.0,1.0,100.0,20250321,112002,111711,2025-03-21T11:17:11,"FP: Mismatched PP. Use 112002..
PP: nan",False
1,1.0,Water,0.0,2.0,100.0,20250321,113119,113116,2025-03-21T11:31:16,,False
2,2.0,Water,0.0,3.0,100.0,20250321,114347,114344,2025-03-21T11:43:44,,False
3,3.0,Water,0.0,4.0,100.0,20250321,115435,115431,2025-03-21T11:54:31,,False
4,4.0,Water,0.0,5.0,100.0,20250321,120551,120542,2025-03-21T12:05:42,,False
5,5.0,Water,0.0,6.0,100.0,20250321,132822,132818,2025-03-21T13:28:18,,False
6,6.0,Water,0.0,7.0,100.0,20250321,133856,133850,2025-03-21T13:38:50,,False
7,7.0,Water,0.0,8.0,100.0,20250321,135120,135118,2025-03-21T13:51:18,,False
8,8.0,Water,0.0,9.0,100.0,20250321,140325,140322,2025-03-21T14:03:22,,False
9,9.0,Water,0.0,1.0,100.0,20250321,112002,141957,2025-03-21T14:19:57,"FP: FP Only. No holdup. Could use 112002 for PP. Skip for now..
PP: nan",True
10,10.0,NaCl,0.0,1.0,50.0,20250324,94045,94028,2025-03-24T09:40:28,"FP: 50 l/min measurement.
PP: nan",True
11,11.0,NaCl,0.0,1.0,100.0,20250324,94345,94341,2025-03-24T09:43:41,,False
12,12.0,NaCl,0.0,3.0,100.0,20250324,95854,95848,2025-03-24T09:58:48,,False
13,13.0,NaCl,0.0,5.0,100.0,20250324,101101,101057,2025-03-24T10:10:57,,False
14,14.0,NaCl,0.0,7.0,100.0,20250324,102127,102124,2025-03-24T10:21:24,,False
15,15.0,NaCl,0.0,9.0,100.0,20250324,103247,103242,2025-03-24T10:32:42,,False
16,16.0,NaCl,0.0004,1.0,100.0,20250324,104911,104908,2025-03-24T10:49:08,,False
17,17.0,NaCl,0.0004,3.0,100.0,20250324,110314,110308,2025-03-24T11:03:08,,False
18,18.0,NaCl,0.0004,5.0,100.0,20250324,111550,111546,2025-03-24T11:15:46,,False
19,19.0,NaCl,0.0004,7.0,100.0,20250324,112618,112612,2025-03-24T11:26:12,,False
20,20.0,NaCl,0.0004,9.0,100.0,20250324,113650,113646,2025-03-24T11:36:46,,False
21,21.0,NaCl,0.00077,1.0,100.0,20250324,115142,115136,2025-03-24T11:51:36,,False
22,22.0,NaCl,0.00077,3.0,100.0,20250324,120545,120542,2025-03-24T12:05:42,,False
23,23.0,NaCl,0.00077,5.0,100.0,20250324,121659,121650,2025-03-24T12:16:50,,False
24,24.0,NaCl,0.00077,7.0,100.0,20250324,122837,122834,2025-03-24T12:28:34,,False
25,25.0,NaCl,0.00077,9.0,100.0,20250324,123923,123920,2025-03-24T12:39:20,,False
26,26.0,NaCl,0.0015,1.0,100.0,20250324,132955,132950,2025-03-24T13:29:50,"FP: Only holdup (disk full).
PP: nan",True
27,27.0,NaCl,0.0015,1.0,100.0,20250324,141431,141427,2025-03-24T14:14:27,"FP: No data - exclude.
PP: nan",True
28,28.0,NaCl,0.0015,3.0,100.0,20250324,143145,143142,2025-03-24T14:31:42,"FP: No data - exclude.
PP: nan",True
29,29.0,NaCl,0.0015,5.0,100.0,20250324,144453,144451,2025-03-24T14:44:51,"FP: No data - exclude.
PP: nan",True
30,30.0,NaCl,0.0015,7.0,100.0,20250324,145711,145706,2025-03-24T14:57:06,"FP: No data - exclude.
PP: nan",True
31,31.0,NaCl,0.0015,9.0,100.0,20250324,150717,150715,2025-03-24T15:07:15,"FP: No data - exclude.
PP: nan",True
32,32.0,NaCl,0.0028,1.0,100.0,20250324,152334,152330,2025-03-24T15:23:30,"FP: No data - exclude.
PP: nan",True
33,33.0,NaCl,0.0028,3.0,100.0,20250324,153708,153705,2025-03-24T15:37:05,"FP: No data - exclude.
PP: nan",True
34,34.0,NaCl,0.0028,5.0,100.0,20250324,155028,155025,2025-03-24T15:50:25,"FP: No data - exclude.
PP: nan",True
35,35.0,NaCl,0.0028,7.0,100.0,20250324,160119,160116,2025-03-24T16:01:16,"FP: No data - exclude.
PP: nan",True
36,36.0,NaCl,0.0028,9.0,100.0,20250324,161303,161301,2025-03-24T16:13:01,"FP: No data - exclude.
PP: nan",True
37,37.0,NaCl,0.0,1.0,100.0,20250326,93136,93109,2025-03-26T09:31:09,,False
38,38.0,NaCl,0.0,3.0,100.0,20250326,94716,94713,2025-03-26T09:47:13,,False
39,39.0,NaCl,0.0,5.0,100.0,20250326,100624,100606,2025-03-26T10:06:06,,False
40,40.0,NaCl,0.0,7.0,100.0,20250326,101735,101732,2025-03-26T10:17:32,,False
41,41.0,NaCl,0.0,9.0,100.0,20250326,102801,102740,2025-03-26T10:27:40,,False
42,42.0,NaCl,0.0015,1.0,100.0,20250326,110642,110639,2025-03-26T11:06:39,,False
43,43.0,NaCl,0.0015,3.0,100.0,20250326,112112,112109,2025-03-26T11:21:09,,False
44,44.0,NaCl,0.0015,5.0,100.0,20250326,113445,113442,2025-03-26T11:34:42,,False
45,45.0,NaCl,0.0015,7.0,100.0,20250326,114510,114508,2025-03-26T11:45:08,,False
46,46.0,NaCl,0.0015,9.0,100.0,20250326,115521,115518,2025-03-26T11:55:18,,False
47,47.0,NaCl,0.0028,1.0,100.0,20250326,120940,120937,2025-03-26T12:09:37,,False
48,48.0,NaCl,0.0028,3.0,100.0,20250326,122544,122542,2025-03-26T12:25:42,,False
49,49.0,NaCl,0.0028,5.0,100.0,20250326,131617,131614,2025-03-26T13:16:14,,False
50,50.0,NaCl,0.0028,7.0,100.0,20250326,132603,132600,2025-03-26T13:26:00,,False
51,51.0,NaCl,0.0028,9.0,100.0,20250326,133732,133729,2025-03-26T13:37:29,,False
52,52.0,NaCl,0.0054,1.0,100.0,20250326,135239,135235,2025-03-26T13:52:35,,False
53,53.0,NaCl,0.0054,3.0,100.0,20250326,144609,144605,2025-03-26T14:46:05,,False
54,54.0,NaCl,0.0054,5.0,100.0,20250326,150813,150810,2025-03-26T15:08:10,,False
55,55.0,NaCl,0.0054,7.0,100.0,20250326,151825,151821,2025-03-26T15:18:21,,False
56,56.0,NaCl,0.0054,9.0,100.0,20250326,153008,153006,2025-03-26T15:30:06,,False
57,57.0,NaCl,0.01,1.0,100.0,20250326,154333,154330,2025-03-26T15:43:30,,False
58,58.0,NaCl,0.01,3.0,100.0,20250326,155836,155833,2025-03-26T15:58:33,,False
59,59.0,NaCl,0.01,5.0,100.0,20250326,160925,160923,2025-03-26T16:09:23,,False
60,60.0,NaCl,0.01,7.0,100.0,20250326,162530,162528,2025-03-26T16:25:28,,False
61,61.0,NaCl,0.01,9.0,100.0,20250326,163654,163652,2025-03-26T16:36:52,,False
62,62.0,NaCl,0.02,1.0,100.0,20250327,91203,91201,2025-03-27T09:12:01,,False
63,63.0,NaCl,0.02,3.0,100.0,20250327,92622,92619,2025-03-27T09:26:19,,False
64,64.0,NaCl,0.02,5.0,100.0,20250327,94046,94043,2025-03-27T09:40:43,,False
65,65.0,NaCl,0.02,7.0,100.0,20250327,95143,95137,2025-03-27T09:51:37,,False
66,66.0,NaCl,0.02,9.0,100.0,20250327,100227,100224,2025-03-27T10:02:24,,False
67,67.0,NaCl,0.037,1.0,100.0,20250327,101646,101642,2025-03-27T10:16:42,,False
68,68.0,NaCl,0.037,3.0,100.0,20250327,102946,102944,2025-03-27T10:29:44,,False
69,69.0,NaCl,0.037,5.0,100.0,20250327,104052,104050,2025-03-27T10:40:50,,False
70,70.0,NaCl,0.037,7.0,100.0,20250327,105249,105247,2025-03-27T10:52:47,,False
71,71.0,NaCl,0.037,9.0,100.0,20250327,110557,110215,2025-03-27T11:02:15,"FP: Use PP 110557.
PP: nan",False
72,72.0,NaCl,0.072,1.0,100.0,20250327,111656,111654,2025-03-27T11:16:54,,False
73,73.0,NaCl,0.072,3.0,100.0,20250327,112915,112912,2025-03-27T11:29:12,,False
74,74.0,NaCl,0.072,5.0,100.0,20250327,114115,114112,2025-03-27T11:41:12,,False
75,75.0,NaCl,0.072,7.0,100.0,20250327,115023,115020,2025-03-27T11:50:20,,False
76,76.0,NaCl,0.072,9.0,100.0,20250327,120043,120041,2025-03-27T12:00:41,,False
77,77.0,NaCl,0.14,1.0,100.0,20250327,132138,132134,2025-03-27T13:21:34,,False
78,78.0,NaCl,0.14,3.0,100.0,20250327,133746,133743,2025-03-27T13:37:43,,False
79,79.0,NaCl,0.14,5.0,100.0,20250327,134740,134736,2025-03-27T13:47:36,,False
80,80.0,NaCl,0.14,7.0,100.0,20250327,135908,135905,2025-03-27T13:59:05,,False
81,81.0,NaCl,0.14,9.0,100.0,20250327,140817,140815,2025-03-27T14:08:15,,False
82,82.0,NaCl,0.26,1.0,100.0,20250327,143205,143203,2025-03-27T14:32:03,"FP: SKIP. Incomplete. Disk full..
PP: Wrote hardly anything because of reasons?",True
83,83.0,NaCl,0.26,3.0,100.0,20250327,144431,144421,2025-03-27T14:44:21,"FP: SKIP. No data. Disk full..
PP: Didn't write either. Moved to U: drive now.",True
84,84.0,NaCl,0.26,5.0,100.0,20250327,145749,145746,2025-03-27T14:57:46,"FP: SKIP. No data. Disk full..
PP: nan",True
85,85.0,NaCl,0.26,1.0,100.0,20250327,150432,150417,2025-03-27T15:04:17,"FP: SKIP. No data. Disk full..
PP: nan",True
86,86.0,NaCl,0.26,1.0,100.0,20250327,151735,151729,2025-03-27T15:17:29,"FP: Finally a normal-sized file again..
PP: nan",False
87,87.0,NaCl,0.26,3.0,100.0,20250327,152851,152847,2025-03-27T15:28:47,,False
88,88.0,NaCl,0.26,5.0,100.0,20250327,154000,153956,2025-03-27T15:39:56,,False
89,89.0,NaCl,0.26,7.0,100.0,20250327,154952,154948,2025-03-27T15:49:48,,False
90,90.0,NaCl,0.26,9.0,100.0,20250327,155841,155839,2025-03-27T15:58:39,,False
91,91.0,NaCl,0.5,1.0,100.0,20250328,94013,93949,2025-03-28T09:39:49,,False
92,92.0,NaCl,0.5,3.0,100.0,20250328,95756,95341,2025-03-28T09:53:41,"FP: Use PP log 095756.
PP: nan",False
93,93.0,NaCl,0.5,5.0,100.0,20250328,100341,100338,2025-03-28T10:03:38,,False
94,94.0,NaCl,0.5,7.0,100.0,20250328,101402,101359,2025-03-28T10:13:59,,False
95,95.0,NaCl,0.5,9.0,100.0,20250328,102405,102402,2025-03-28T10:24:02,,False
96,96.0,NaCl,0.5,1.0,100.0,20250328,103420,103406,2025-03-28T10:34:06,"FP: Redo of 093949. Smaller n_bubbles..
PP: nan",False
97,97.0,NH4Cl,0.0,1.0,100.0,20250331,102002,102000,2025-03-31T10:20:00,,False
98,98.0,NH4Cl,0.0,3.0,100.0,20250331,103500,103457,2025-03-31T10:34:57,,False
99,99.0,NH4Cl,0.0,5.0,100.0,20250331,104753,104751,2025-03-31T10:47:51,,False
100,100.0,NH4Cl,0.0,7.0,100.0,20250331,110118,105818,2025-03-31T10:58:18,"FP: Use 110118 as PP measurement..
PP: Recorded a bit late. Might not perfectly represent the measurement.",False
101,101.0,NH4Cl,0.0,9.0,100.0,20250331,111012,111010,2025-03-31T11:10:10,,False
102,102.0,NH4Cl,0.0004,1.0,100.0,20250331,112510,112507,2025-03-31T11:25:07,,False
103,103.0,NH4Cl,0.0004,3.0,100.0,20250331,113932,113929,2025-03-31T11:39:29,,False
104,104.0,NH4Cl,0.0004,5.0,100.0,20250331,115522,115520,2025-03-31T11:55:20,,False
105,105.0,NH4Cl,0.0004,7.0,100.0,20250331,120643,120639,2025-03-31T12:06:39,,False
106,106.0,NH4Cl,0.0004,9.0,100.0,20250331,121840,121838,2025-03-31T12:18:38,,False
107,107.0,NH4Cl,0.00077,1.0,100.0,20250331,132134,132131,2025-03-31T13:21:31,,False
108,108.0,NH4Cl,0.00077,3.0,100.0,20250331,134141,134138,2025-03-31T13:41:38,,False
109,109.0,NH4Cl,0.00077,5.0,100.0,20250331,135731,135729,2025-03-31T13:57:29,,False
110,110.0,NH4Cl,0.00077,7.0,100.0,20250331,140812,140809,2025-03-31T14:08:09,,False
111,111.0,NH4Cl,0.00077,9.0,100.0,20250331,142026,142024,2025-03-31T14:20:24,,False
112,112.0,NH4Cl,0.0015,1.0,100.0,20250331,143905,143903,2025-03-31T14:39:03,,False
113,113.0,NH4Cl,0.0015,3.0,100.0,20250331,145423,145420,2025-03-31T14:54:20,,False
114,114.0,NH4Cl,0.0015,5.0,100.0,20250331,150742,150740,2025-03-31T15:07:40,,False
115,115.0,NH4Cl,0.0015,7.0,100.0,20250331,151812,151810,2025-03-31T15:18:10,,False
116,116.0,NH4Cl,0.0015,9.0,100.0,20250331,153231,153228,2025-03-31T15:32:28,,False
117,117.0,NH4Cl,0.0028,1.0,100.0,20250331,154633,154629,2025-03-31T15:46:29,,False
118,118.0,NH4Cl,0.0028,3.0,100.0,20250331,160220,160216,2025-03-31T16:02:16,,False
119,119.0,NH4Cl,0.0028,5.0,100.0,20250331,161409,161407,2025-03-31T16:14:07,,False
120,120.0,NH4Cl,0.0028,7.0,100.0,20250331,162501,162457,2025-03-31T16:24:57,,False
121,121.0,NH4Cl,0.0028,9.0,100.0,20250331,164226,164223,2025-03-31T16:42:23,,False
122,122.0,NH4Cl,0.0053,1.0,100.0,20250401,90716,90712,2025-04-01T09:07:12,,False
123,123.0,NH4Cl,0.0053,3.0,100.0,20250401,92818,92815,2025-04-01T09:28:15,,False
124,124.0,NH4Cl,0.0053,5.0,100.0,20250401,93950,93946,2025-04-01T09:39:46,,False
125,125.0,NH4Cl,0.0053,7.0,100.0,20250401,95005,95002,2025-04-01T09:50:02,,False
126,126.0,NH4Cl,0.0053,9.0,100.0,20250401,100104,100101,2025-04-01T10:01:01,,False
127,127.0,NH4Cl,0.01,1.0,100.0,20250401,101850,101846,2025-04-01T10:18:46,,False
128,128.0,NH4Cl,0.01,3.0,100.0,20250401,103439,103436,2025-04-01T10:34:36,,False
129,129.0,NH4Cl,0.01,5.0,100.0,20250401,104613,104610,2025-04-01T10:46:10,,False
130,130.0,NH4Cl,0.01,7.0,100.0,20250401,105716,105714,2025-04-01T10:57:14,,False
131,131.0,NH4Cl,0.01,9.0,100.0,20250401,110804,110801,2025-04-01T11:08:01,,False
132,132.0,NH4Cl,0.02,1.0,100.0,20250401,112202,112159,2025-04-01T11:21:59,,False
133,133.0,NH4Cl,0.02,3.0,100.0,20250401,113713,113711,2025-04-01T11:37:11,,False
134,134.0,NH4Cl,0.02,5.0,100.0,20250401,114929,114926,2025-04-01T11:49:26,,False
135,135.0,NH4Cl,0.02,5.0,100.0,20250401,135529,135527,2025-04-01T13:55:27,"FP: Redo of 114926 after lunch. Fewer bubbles and shorter holdup..
PP: nan",False
136,136.0,NH4Cl,0.02,7.0,100.0,20250401,140006,140003,2025-04-01T14:00:03,,False
137,137.0,NH4Cl,0.02,9.0,100.0,20250401,141051,141048,2025-04-01T14:10:48,,False
138,138.0,NH4Cl,0.037,1.0,100.0,20250401,142513,142509,2025-04-01T14:25:09,,False
139,139.0,NH4Cl,0.037,3.0,100.0,20250401,144040,144037,2025-04-01T14:40:37,,False
140,140.0,NH4Cl,0.037,5.0,100.0,20250401,145415,145411,2025-04-01T14:54:11,,False
141,141.0,NH4Cl,0.037,7.0,100.0,20250401,150534,150531,2025-04-01T15:05:31,"FP: SKIP. Aborted due to decreasing FP signal. Analysis still goes fine. Redoing..
PP: nan",True
142,142.0,NH4Cl,0.037,7.0,100.0,20250401,150534,151111,2025-04-01T15:11:11,"FP: SKIP. Use PP 150534. Note that FP signal is now getting a bit weird. Keep an eye out for strange results. Many fragmented bubbles. Redo at higher laser intensity..
PP: nan",True
143,143.0,NH4Cl,0.037,9.0,100.0,20250401,152227,152222,2025-04-01T15:22:22,"FP: SKIP. Software froze halfway. Voltage seems to have dropped far enough to not recognize bubbles anymore..
PP: nan",True
144,144.0,NH4Cl,0.037,9.0,100.0,20250401,154221,154219,2025-04-01T15:42:19,,False
145,145.0,NH4Cl,0.037,7.0,100.0,20250401,155603,155555,2025-04-01T15:55:55,"FP: nan.
PP: Not logged on the day. Log as would be expected. Keep eye out for weirdness.",False
146,146.0,NH4Cl,0.0,5.0,50.0,20250403,95011,93138,2025-04-03T09:31:38,"FP: 50 l/min. Has no PP. Use PP 095011. Ignore warnings and SKIP. Short measurement. Took a while to realize the flowrate was not yet 100..
PP: nan",True
147,147.0,NH4Cl,0.0,5.0,100.0,20250403,95011,93531,2025-04-03T09:35:31,"FP: Has no PP. Use PP 095011. Ignore warnings and SKIP. Check for comparison with previous days. No PP in there..
PP: nan",True
148,148.0,NH4Cl,0.072,1.0,100.0,20250403,95011,95007,2025-04-03T09:50:07,"FP: FP signal seems to improve over the measurement..
PP: nan",False
149,149.0,NH4Cl,0.072,3.0,100.0,20250403,100707,100703,2025-04-03T10:07:03,"FP: FP signal is still improving over the measurement..
PP: nan",False
150,150.0,NH4Cl,0.072,5.0,100.0,20250403,101928,101923,2025-04-03T10:19:23,,False
151,151.0,NH4Cl,0.072,7.0,100.0,20250403,103204,103202,2025-04-03T10:32:02,,False
152,152.0,NH4Cl,0.072,9.0,100.0,20250403,104410,104408,2025-04-03T10:44:08,,False
153,153.0,NH4Cl,0.14,1.0,100.0,20250403,105829,105827,2025-04-03T10:58:27,,False
154,154.0,NH4Cl,0.14,3.0,100.0,20250403,111305,111302,2025-04-03T11:13:02,,False
155,155.0,NH4Cl,0.14,5.0,100.0,20250403,112423,112420,2025-04-03T11:24:20,,False
156,156.0,NH4Cl,0.14,7.0,100.0,20250403,113423,113420,2025-04-03T11:34:20,,False
157,157.0,NH4Cl,0.14,9.0,100.0,20250403,114659,114653,2025-04-03T11:46:53,,False
158,158.0,NH4Cl,0.26,1.0,100.0,20250403,115956,115953,2025-04-03T11:59:53,,False
159,159.0,NH4Cl,0.26,3.0,100.0,20250403,121340,121334,2025-04-03T12:13:34,,False
160,160.0,NH4Cl,0.26,5.0,100.0,20250403,122408,122402,2025-04-03T12:24:02,,False
161,161.0,NH4Cl,0.26,5.0,100.0,20250403,132044,132014,2025-04-03T13:20:14,"FP: PP 132044. Same setup. Less bubbles. After lunch..
PP: nan",False
162,162.0,NH4Cl,0.26,7.0,100.0,20250403,132533,132527,2025-04-03T13:25:27,,False
163,163.0,NH4Cl,0.26,9.0,100.0,20250403,133511,133505,2025-04-03T13:35:05,"FP: FP signal dipped strongly at the end. No effect at processing..
PP: nan",False
164,164.0,NH4Cl,0.5,1.0,100.0,20250403,135506,135503,2025-04-03T13:55:03,"FP: FP signal restored somewhat. Things are getting wonky..
PP: nan",False
165,165.0,NH4Cl,0.5,3.0,100.0,20250403,140804,140800,2025-04-03T14:08:00,,False
166,166.0,NH4Cl,0.5,5.0,100.0,20250403,141825,141822,2025-04-03T14:18:22,,False
167,167.0,NH4Cl,0.5,7.0,100.0,20250403,142804,142801,2025-04-03T14:28:01,,False
168,168.0,NH4Cl,0.5,9.0,100.0,20250403,143808,143805,2025-04-03T14:38:05,,False
169,169.0,NaAc,0.0,1.0,100.0,20250404,92426,92413,2025-04-04T09:24:13,,False
170,170.0,NaAc,0.0,3.0,100.0,20250404,93943,93941,2025-04-04T09:39:41,,False
171,171.0,NaAc,0.0,5.0,100.0,20250404,95110,95106,2025-04-04T09:51:06,,False
172,172.0,NaAc,0.0,7.0,100.0,20250404,100152,100147,2025-04-04T10:01:47,,False
173,173.0,NaAc,0.0,9.0,100.0,20250404,101237,101233,2025-04-04T10:12:33,,False
174,174.0,NaAc,0.00042,1.0,100.0,20250404,103101,103058,2025-04-04T10:30:58,,False
175,175.0,NaAc,0.00042,3.0,100.0,20250404,104706,104655,2025-04-04T10:46:55,,False
176,176.0,NaAc,0.00042,5.0,100.0,20250404,105826,105824,2025-04-04T10:58:24,,False
177,177.0,NaAc,0.00042,7.0,100.0,20250404,110944,110941,2025-04-04T11:09:41,,False
178,178.0,NaAc,0.00042,9.0,100.0,20250404,112036,112034,2025-04-04T11:20:34,,False
179,179.0,NaAc,0.0008,7.0,100.0,20250404,113446,113444,2025-04-04T11:34:44,,False
180,180.0,NaAc,0.0008,1.0,100.0,20250404,114804,114802,2025-04-04T11:48:02,,False
181,181.0,NaAc,0.0008,3.0,100.0,20250404,134947,134945,2025-04-04T13:49:45,,False
182,182.0,NaAc,0.0008,5.0,100.0,20250404,140237,140235,2025-04-04T14:02:35,,False
183,183.0,NaAc,0.0008,9.0,100.0,20250404,141654,141653,2025-04-04T14:16:53,,False
184,184.0,NaAc,0.0017,1.0,100.0,20250404,143150,143148,2025-04-04T14:31:48,,False
185,185.0,NaAc,0.0017,3.0,100.0,20250404,144643,144641,2025-04-04T14:46:41,,False
186,186.0,NaAc,0.0017,5.0,100.0,20250404,150248,150247,2025-04-04T15:02:47,,False
187,187.0,NaAc,0.0017,7.0,100.0,20250404,151333,151331,2025-04-04T15:13:31,,False
188,188.0,NaAc,0.0017,9.0,100.0,20250404,152949,152947,2025-04-04T15:29:47,,False
189,189.0,NaAc,0.0034,1.0,100.0,20250404,154546,154544,2025-04-04T15:45:44,,False
190,190.0,NaAc,0.0034,3.0,100.0,20250404,154546,154544,2025-04-04T15:45:44,,False
191,191.0,NaAc,0.0034,5.0,100.0,20250404,161538,161536,2025-04-04T16:15:36,,False
192,192.0,NaAc,0.0034,7.0,100.0,20250404,162603,162601,2025-04-04T16:26:01,,False
193,193.0,NaAc,0.0034,9.0,100.0,20250404,163636,163634,2025-04-04T16:36:34,,False
194,194.0,NaAc,0.0,5.0,100.0,20250407,94247,94244,2025-04-07T09:42:44,"FP: Recheck of water..
PP: Recheck of water.",False
195,195.0,NaAc,0.0069,1.0,100.0,20250407,95447,95445,2025-04-07T09:54:45,,False
196,196.0,NaAc,0.0069,3.0,100.0,20250407,100932,100930,2025-04-07T10:09:30,,False
197,197.0,NaAc,0.0069,5.0,100.0,20250407,102315,102313,2025-04-07T10:23:13,,False
198,198.0,NaAc,0.0069,7.0,100.0,20250407,103434,103430,2025-04-07T10:34:30,,False
199,199.0,NaAc,0.0069,9.0,100.0,20250407,104525,104523,2025-04-07T10:45:23,,False
200,200.0,NaAc,0.014,1.0,100.0,20250407,105857,105854,2025-04-07T10:58:54,,False
201,201.0,NaAc,0.014,3.0,100.0,20250407,111714,111712,2025-04-07T11:17:12,,False
202,202.0,NaAc,0.014,5.0,100.0,20250407,112828,112825,2025-04-07T11:28:25,,False
203,203.0,NaAc,0.014,7.0,100.0,20250407,113917,113914,2025-04-07T11:39:14,,False
204,204.0,NaAc,0.014,9.0,100.0,20250407,115238,115235,2025-04-07T11:52:35,,False
205,205.0,NaAc,0.029,1.0,100.0,20250407,120659,120657,2025-04-07T12:06:57,,False
206,206.0,NaAc,0.029,3.0,100.0,20250407,122420,122418,2025-04-07T12:24:18,,False
207,207.0,NaAc,0.029,5.0,100.0,20250407,132625,132622,2025-04-07T13:26:22,,False
208,208.0,NaAc,0.029,7.0,100.0,20250407,134106,134102,2025-04-07T13:41:02,,False
209,209.0,NaAc,0.029,9.0,100.0,20250407,135147,135144,2025-04-07T13:51:44,,False
210,210.0,NaAc,0.058,1.0,100.0,20250407,141005,141002,2025-04-07T14:10:02,,False
211,211.0,NaAc,0.058,3.0,100.0,20250407,142705,142700,2025-04-07T14:27:00,,False
212,212.0,NaAc,0.058,5.0,100.0,20250407,144020,144018,2025-04-07T14:40:18,,False
213,213.0,NaAc,0.058,7.0,100.0,20250407,145218,145215,2025-04-07T14:52:15,,False
214,214.0,NaAc,0.058,9.0,100.0,20250407,150257,150252,2025-04-07T15:02:52,,False
215,215.0,NaAc,0.12,1.0,100.0,20250407,152023,152021,2025-04-07T15:20:21,,False
216,216.0,NaAc,0.12,3.0,100.0,20250407,153444,153440,2025-04-07T15:34:40,,False
217,217.0,NaAc,0.12,5.0,100.0,20250407,154923,154921,2025-04-07T15:49:21,,False
218,218.0,NaAc,0.12,7.0,100.0,20250407,160056,160053,2025-04-07T16:00:53,,False
219,219.0,NaAc,0.12,9.0,100.0,20250407,161237,161235,2025-04-07T16:12:35,,False
220,220.0,NaAc,0.0,5.0,100.0,20250408,111421,102734,2025-04-08T10:27:34,"FP: Use PP 111421. Much later but still water..
PP: Contains addition of NaAc.",False
221,221.0,NaAc,0.24,1.0,100.0,20250408,112115,112106,2025-04-08T11:21:06,,False
222,222.0,NaAc,0.24,3.0,100.0,20250408,113508,113505,2025-04-08T11:35:05,,False
223,223.0,NaAc,0.24,5.0,100.0,20250408,114713,114710,2025-04-08T11:47:10,"FP: nan.
PP: Much too long",False
224,224.0,NaAc,0.24,7.0,100.0,20250408,115912,115905,2025-04-08T11:59:05,,False
225,225.0,NaAc,0.24,9.0,100.0,20250408,121329,121327,2025-04-08T12:13:27,,False
226,226.0,NaAc,0.49,1.0,100.0,20250408,122837,122833,2025-04-08T12:28:33,,False
227,227.0,NaAc,0.49,3.0,100.0,20250408,131134,131132,2025-04-08T13:11:32,,False
228,228.0,NaAc,0.49,5.0,100.0,20250408,132358,132355,2025-04-08T13:23:55,,False
229,229.0,NaAc,0.49,7.0,100.0,20250408,133453,133450,2025-04-08T13:34:50,,False
230,230.0,NaAc,0.49,9.0,100.0,20250408,134532,134529,2025-04-08T13:45:29,,False
231,231.0,NaAc,0.92,1.0,100.0,20250408,142146,142142,2025-04-08T14:21:42,,False
232,232.0,NaAc,0.92,3.0,100.0,20250408,143550,143548,2025-04-08T14:35:48,,False
233,233.0,NaAc,0.92,5.0,100.0,20250408,144836,144833,2025-04-08T14:48:33,,False
234,234.0,NaAc,0.92,7.0,100.0,20250408,150010,150007,2025-04-08T15:00:07,,False
235,235.0,NaAc,0.92,9.0,100.0,20250408,151025,151023,2025-04-08T15:10:23,,False
236,236.0,NH42SO4,0.0,1.0,100.0,20250409,92600,92540,2025-04-09T09:25:40,,False
237,237.0,NH42SO4,0.0,3.0,100.0,20250409,94541,94535,2025-04-09T09:45:35,,False
238,238.0,NH42SO4,0.0,5.0,100.0,20250409,95939,95937,2025-04-09T09:59:37,,False
239,239.0,NH42SO4,0.0,7.0,100.0,20250409,101201,101157,2025-04-09T10:11:57,,False
240,240.0,NH42SO4,0.0,9.0,100.0,20250409,102240,102238,2025-04-09T10:22:38,,False
241,241.0,NH42SO4,0.0004,1.0,100.0,20250409,103622,103619,2025-04-09T10:36:19,,False
242,242.0,NH42SO4,0.0004,3.0,100.0,20250409,105104,105054,2025-04-09T10:50:54,,False
243,243.0,NH42SO4,0.0004,5.0,100.0,20250409,110221,110218,2025-04-09T11:02:18,,False
244,244.0,NH42SO4,0.0004,7.0,100.0,20250409,111343,111341,2025-04-09T11:13:41,,False
245,245.0,NH42SO4,0.0004,9.0,100.0,20250409,112559,112557,2025-04-09T11:25:57,,False
246,246.0,NH42SO4,0.00077,1.0,100.0,20250409,114143,114140,2025-04-09T11:41:40,,False
247,247.0,NH42SO4,0.00077,3.0,100.0,20250409,115755,115752,2025-04-09T11:57:52,,False
248,248.0,NH42SO4,0.00077,5.0,100.0,20250409,121058,121056,2025-04-09T12:10:56,,False
249,249.0,NH42SO4,0.00077,7.0,100.0,20250409,122135,122130,2025-04-09T12:21:30,,False
250,250.0,NH42SO4,0.00077,9.0,100.0,20250409,123214,123211,2025-04-09T12:32:11,,False
251,251.0,NH42SO4,0.0015,1.0,100.0,20250409,132607,132602,2025-04-09T13:26:02,,False
252,252.0,NH42SO4,0.0015,3.0,100.0,20250409,134145,134142,2025-04-09T13:41:42,,False
253,253.0,NH42SO4,0.0015,5.0,100.0,20250409,135433,135430,2025-04-09T13:54:30,,False
254,254.0,NH42SO4,0.0015,7.0,100.0,20250409,140715,140712,2025-04-09T14:07:12,,False
255,255.0,NH42SO4,0.0015,9.0,100.0,20250409,141743,141740,2025-04-09T14:17:40,,False
256,256.0,NH42SO4,0.0028,1.0,100.0,20250409,143322,143319,2025-04-09T14:33:19,,False
257,257.0,NH42SO4,0.0028,3.0,100.0,20250409,145118,145115,2025-04-09T14:51:15,,False
258,258.0,NH42SO4,0.0028,5.0,100.0,20250409,150241,150238,2025-04-09T15:02:38,,False
259,259.0,NH42SO4,0.0028,7.0,100.0,20250409,151305,151301,2025-04-09T15:13:01,,False
260,260.0,NH42SO4,0.0028,9.0,100.0,20250409,152533,152531,2025-04-09T15:25:31,,False
261,261.0,NH42SO4,0.0,5.0,100.0,20250410,91022,91006,2025-04-10T09:10:06,,False
262,262.0,NH42SO4,0.0053,1.0,100.0,20250410,92226,92223,2025-04-10T09:22:23,,False
263,263.0,NH42SO4,0.0053,3.0,100.0,20250410,94111,94108,2025-04-10T09:41:08,,False
264,264.0,NH42SO4,0.0053,5.0,100.0,20250410,95403,95358,2025-04-10T09:53:58,,False
265,265.0,NH42SO4,0.0053,7.0,100.0,20250410,100435,100432,2025-04-10T10:04:32,,False
266,266.0,NH42SO4,0.0053,9.0,100.0,20250410,101647,101642,2025-04-10T10:16:42,,False
267,267.0,NH42SO4,0.01,1.0,100.0,20250410,103027,103025,2025-04-10T10:30:25,,False
268,268.0,NH42SO4,0.01,3.0,100.0,20250410,104437,104434,2025-04-10T10:44:34,,False
269,269.0,NH42SO4,0.01,5.0,100.0,20250410,105728,105725,2025-04-10T10:57:25,,False
270,270.0,NH42SO4,0.01,7.0,100.0,20250410,110747,110744,2025-04-10T11:07:44,,False
271,271.0,NH42SO4,0.01,9.0,100.0,20250410,112043,112041,2025-04-10T11:20:41,,False
272,272.0,NH42SO4,0.02,1.0,100.0,20250410,113355,113352,2025-04-10T11:33:52,,False
273,273.0,NH42SO4,0.02,3.0,100.0,20250410,114739,114737,2025-04-10T11:47:37,,False
274,274.0,NH42SO4,0.02,5.0,100.0,20250410,115912,115909,2025-04-10T11:59:09,,False
275,275.0,NH42SO4,0.02,7.0,100.0,20250410,120949,120946,2025-04-10T12:09:46,,False
276,276.0,NH42SO4,0.02,9.0,100.0,20250410,122023,122020,2025-04-10T12:20:20,,False
277,277.0,NH42SO4,0.037,1.0,100.0,20250410,132458,132453,2025-04-10T13:24:53,,False
278,278.0,NH42SO4,0.037,3.0,100.0,20250410,133804,133802,2025-04-10T13:38:02,,False
279,279.0,NH42SO4,0.037,5.0,100.0,20250410,135002,135000,2025-04-10T13:50:00,,False
280,280.0,NH42SO4,0.037,7.0,100.0,20250410,142006,142002,2025-04-10T14:20:02,,False
281,281.0,NH42SO4,0.037,9.0,100.0,20250410,143147,143146,2025-04-10T14:31:46,,False
282,282.0,NH42SO4,0.072,1.0,100.0,20250410,144425,144422,2025-04-10T14:44:22,,False
283,283.0,NH42SO4,0.072,3.0,100.0,20250410,145714,145711,2025-04-10T14:57:11,,False
284,284.0,NH42SO4,0.072,5.0,100.0,20250410,151157,151155,2025-04-10T15:11:55,,False
285,285.0,NH42SO4,0.072,7.0,100.0,20250410,152355,152350,2025-04-10T15:23:50,,False
286,286.0,NH42SO4,0.072,9.0,100.0,20250410,153340,153336,2025-04-10T15:33:36,,False
287,287.0,NH42SO4,0.0,5.0,100.0,20250411,93225,93221,2025-04-11T09:32:21,,False
288,288.0,NH42SO4,0.14,1.0,100.0,20250411,95022,95019,2025-04-11T09:50:19,,False
289,289.0,NH42SO4,0.14,3.0,100.0,20250411,100205,100202,2025-04-11T10:02:02,,False
290,290.0,NH42SO4,0.14,5.0,100.0,20250411,101555,101552,2025-04-11T10:15:52,,False
291,291.0,NH42SO4,0.14,7.0,100.0,20250411,102544,102542,2025-04-11T10:25:42,,False
292,292.0,NH42SO4,0.14,9.0,100.0,20250411,103845,103842,2025-04-11T10:38:42,,False
293,293.0,NH42SO4,0.26,1.0,100.0,20250411,105625,105621,2025-04-11T10:56:21,,False
294,294.0,NH42SO4,0.26,3.0,100.0,20250411,111154,111151,2025-04-11T11:11:51,,False
295,295.0,NH42SO4,0.26,5.0,100.0,20250411,112158,112155,2025-04-11T11:21:55,,False
296,296.0,NH42SO4,0.26,7.0,100.0,20250411,113132,113130,2025-04-11T11:31:30,,False
297,297.0,NH42SO4,0.26,9.0,100.0,20250411,114354,114352,2025-04-11T11:43:52,,False
298,298.0,NH42SO4,0.5,1.0,100.0,20250411,120238,120229,2025-04-11T12:02:29,,False
299,299.0,NH42SO4,0.5,3.0,100.0,20250411,135224,135220,2025-04-11T13:52:20,,False
300,300.0,NH42SO4,0.5,5.0,100.0,20250411,140214,140212,2025-04-11T14:02:12,,False
301,301.0,NH42SO4,0.5,7.0,100.0,20250411,141130,141127,2025-04-11T14:11:27,,False
302,302.0,NH42SO4,0.5,9.0,100.0,20250411,142046,142043,2025-04-11T14:20:43,,False
303,303.0,Na2SO4,0.0,1.0,100.0,20250414,100807,100803,2025-04-14T10:08:03,,False
304,304.0,Na2SO4,0.0,3.0,100.0,20250414,102330,102327,2025-04-14T10:23:27,,False
305,305.0,Na2SO4,0.0,5.0,100.0,20250414,103533,103531,2025-04-14T10:35:31,,False
306,306.0,Na2SO4,0.0,7.0,100.0,20250414,104557,104553,2025-04-14T10:45:53,,False
307,307.0,Na2SO4,0.0,9.0,100.0,20250414,105640,105638,2025-04-14T10:56:38,,False
308,308.0,Na2SO4,0.0004,1.0,100.0,20250414,111144,111132,2025-04-14T11:11:32,,False
309,309.0,Na2SO4,0.0004,3.0,100.0,20250414,112734,112732,2025-04-14T11:27:32,,False
310,310.0,Na2SO4,0.0004,5.0,100.0,20250414,113906,113904,2025-04-14T11:39:04,,False
311,311.0,Na2SO4,0.0004,7.0,100.0,20250414,115003,115001,2025-04-14T11:50:01,,False
312,312.0,Na2SO4,0.0004,9.0,100.0,20250414,120145,120143,2025-04-14T12:01:43,,False
313,313.0,Na2SO4,0.00077,1.0,100.0,20250414,121524,121521,2025-04-14T12:15:21,,False
314,314.0,Na2SO4,0.00077,3.0,100.0,20250414,131842,131839,2025-04-14T13:18:39,,False
315,315.0,Na2SO4,0.00077,5.0,100.0,20250414,133203,133200,2025-04-14T13:32:00,"FP: nan.
PP: Very long. Includes moving the fiber",False
316,316.0,Na2SO4,0.00077,7.0,100.0,20250414,134234,134228,2025-04-14T13:42:28,,False
317,317.0,Na2SO4,0.00077,9.0,100.0,20250414,135255,135253,2025-04-14T13:52:53,,False
318,318.0,Na2SO4,0.0015,1.0,100.0,20250414,141034,141031,2025-04-14T14:10:31,,False
319,319.0,Na2SO4,0.0015,3.0,100.0,20250414,143325,143323,2025-04-14T14:33:23,,False
320,320.0,Na2SO4,0.0015,5.0,100.0,20250414,144452,144450,2025-04-14T14:44:50,,False
321,321.0,Na2SO4,0.0015,7.0,100.0,20250414,150751,150745,2025-04-14T15:07:45,,False
322,322.0,Na2SO4,0.0015,9.0,100.0,20250414,152306,152304,2025-04-14T15:23:04,,False
323,323.0,Na2SO4,0.0,5.0,100.0,20250417,101717,101714,2025-04-17T10:17:14,,False
324,324.0,Na2SO4,0.0053,1.0,100.0,20250417,103213,103209,2025-04-17T10:32:09,,False
325,325.0,Na2SO4,0.0053,3.0,100.0,20250417,104648,104645,2025-04-17T10:46:45,,False
326,326.0,Na2SO4,0.0053,5.0,100.0,20250417,105808,105806,2025-04-17T10:58:06,,False
327,327.0,Na2SO4,0.0053,7.0,100.0,20250417,110820,110817,2025-04-17T11:08:17,,False
328,328.0,Na2SO4,0.0053,9.0,100.0,20250417,112154,112150,2025-04-17T11:21:50,,False
329,329.0,Na2SO4,0.01,1.0,100.0,20250417,113534,113531,2025-04-17T11:35:31,,False
330,330.0,Na2SO4,0.01,3.0,100.0,20250417,115041,115038,2025-04-17T11:50:38,,False
331,331.0,Na2SO4,0.01,5.0,100.0,20250417,120150,120147,2025-04-17T12:01:47,,False
332,332.0,Na2SO4,0.01,7.0,100.0,20250417,121206,121203,2025-04-17T12:12:03,,False
333,333.0,Na2SO4,0.01,9.0,100.0,20250417,122305,122303,2025-04-17T12:23:03,,False
334,334.0,Na2SO4,0.02,1.0,100.0,20250417,123653,123651,2025-04-17T12:36:51,,False
335,335.0,Na2SO4,0.02,3.0,100.0,20250417,132625,132623,2025-04-17T13:26:23,,False
336,336.0,Na2SO4,0.02,5.0,100.0,20250417,133810,133808,2025-04-17T13:38:08,,False
337,337.0,Na2SO4,0.02,7.0,100.0,20250417,134933,134929,2025-04-17T13:49:29,,False
338,338.0,Na2SO4,0.02,9.0,100.0,20250417,140148,140146,2025-04-17T14:01:46,,False
339,339.0,Na2SO4,0.037,1.0,100.0,20250417,141804,141802,2025-04-17T14:18:02,,False
340,340.0,Na2SO4,0.037,3.0,100.0,20250417,143138,143132,2025-04-17T14:31:32,,False
341,341.0,Na2SO4,0.037,5.0,100.0,20250417,144345,144341,2025-04-17T14:43:41,,False
342,342.0,Na2SO4,0.037,7.0,100.0,20250417,145728,145726,2025-04-17T14:57:26,,False
343,343.0,Na2SO4,0.037,9.0,100.0,20250417,150849,150847,2025-04-17T15:08:47,,False
344,344.0,Na2SO4,0.072,1.0,100.0,20250417,152443,152440,2025-04-17T15:24:40,,False
345,345.0,Na2SO4,0.072,3.0,100.0,20250417,153840,153838,2025-04-17T15:38:38,,False
346,346.0,Na2SO4,0.072,5.0,100.0,20250417,155030,155028,2025-04-17T15:50:28,,False
347,347.0,Na2SO4,0.072,7.0,100.0,20250417,160011,160008,2025-04-17T16:00:08,,False
348,348.0,Na2SO4,0.072,9.0,100.0,20250417,161239,161236,2025-04-17T16:12:36,,False
349,349.0,Na2SO4,0.0,5.0,100.0,20250422,104608,104602,2025-04-22T10:46:02,,False
350,350.0,Na2SO4,0.14,1.0,100.0,20250422,105918,105912,2025-04-22T10:59:12,,False
351,351.0,Na2SO4,0.14,3.0,100.0,20250422,111048,111046,2025-04-22T11:10:46,,False
352,352.0,Na2SO4,0.14,5.0,100.0,20250422,112212,112209,2025-04-22T11:22:09,,False
353,353.0,Na2SO4,0.14,7.0,100.0,20250422,113205,113156,2025-04-22T11:31:56,,False
354,354.0,Na2SO4,0.14,9.0,100.0,20250422,114246,114244,2025-04-22T11:42:44,,False
355,355.0,Na2SO4,0.26,1.0,100.0,20250422,120926,120924,2025-04-22T12:09:24,,False
356,356.0,Na2SO4,0.26,3.0,100.0,20250422,122020,122017,2025-04-22T12:20:17,,False
357,357.0,Na2SO4,0.26,5.0,100.0,20250422,123422,123419,2025-04-22T12:34:19,,False
358,358.0,Na2SO4,0.26,7.0,100.0,20250422,132811,132808,2025-04-22T13:28:08,,False
359,359.0,Na2SO4,0.26,9.0,100.0,20250422,133740,133737,2025-04-22T13:37:37,,False
360,360.0,Na2SO4,0.5,3.0,100.0,20250422,141419,141416,2025-04-22T14:14:16,"FP: Or was it position 1? Chaos..
PP: nan",False
361,361.0,Na2SO4,0.5,1.0,100.0,20250422,142533,142531,2025-04-22T14:25:31,,False
362,362.0,Na2SO4,0.5,5.0,100.0,20250422,143958,143955,2025-04-22T14:39:55,,False
363,363.0,Na2SO4,0.5,7.0,100.0,20250422,145207,145204,2025-04-22T14:52:04,,False
364,364.0,Na2SO4,0.5,9.0,100.0,20250422,150108,150106,2025-04-22T15:01:06,,False
