,Unnamed: 0,Exp. No.,Salt,Concentration (mol/l),FP position,Gas flow (l/min),Date,PP Timestamp,FP Timestamp,Datetime,Comment,Ignore,Concentration (g/l),Ionic strength,p_GM,Na (mol/l),NH4 (mol/l),Cl (mol/l),SO4 (mol/l),Ac (mol/l),Density,Viscosity,Surface tension
0,0,0,Water,0.0,1,100.0,20250321,112002,111711,2025-03-21T11:17:11,"FP: Mismatched PP. Use 112002..
PP: nan",False,0.0,0.0,0.0,0.0,0.0,0.0,0.0,0.0,998.1999999999999,,
1,1,1,Water,0.0,2,100.0,20250321,113119,113116,2025-03-21T11:31:16,,False,0.0,0.0,0.0,0.0,0.0,0.0,0.0,0.0,998.1999999999999,,
2,2,2,Water,0.0,3,100.0,20250321,114347,114344,2025-03-21T11:43:44,,False,0.0,0.0,0.0,0.0,0.0,0.0,0.0,0.0,998.1999999999999,,
3,3,3,Water,0.0,4,100.0,20250321,115435,115431,2025-03-21T11:54:31,,False,0.0,0.0,0.0,0.0,0.0,0.0,0.0,0.0,998.1999999999999,,
4,4,4,Water,0.0,5,100.0,20250321,120551,120542,2025-03-21T12:05:42,,False,0.0,0.0,0.0,0.0,0.0,0.0,0.0,0.0,998.1999999999999,,
5,5,5,Water,0.0,6,100.0,20250321,132822,132818,2025-03-21T13:28:18,,False,0.0,0.0,0.0,0.0,0.0,0.0,0.0,0.0,998.1999999999999,,
6,6,6,Water,0.0,7,100.0,20250321,133856,133850,2025-03-21T13:38:50,,False,0.0,0.0,0.0,0.0,0.0,0.0,0.0,0.0,998.1999999999999,,
7,7,7,Water,0.0,8,100.0,20250321,135120,135118,2025-03-21T13:51:18,,False,0.0,0.0,0.0,0.0,0.0,0.0,0.0,0.0,998.1999999999999,,
8,8,8,Water,0.0,9,100.0,20250321,140325,140322,2025-03-21T14:03:22,,False,0.0,0.0,0.0,0.0,0.0,0.0,0.0,0.0,998.1999999999999,,
9,9,9,Water,0.0,1,100.0,20250321,112002,141957,2025-03-21T14:19:57,"FP: FP Only. No holdup. Could use 112002 for PP. Skip for now..
PP: nan",True,0.0,0.0,0.0,0.0,0.0,0.0,0.0,0.0,998.1999999999999,,
10,10,10,NaCl,0.0,1,50.0,20250324,94045,94028,2025-03-24T09:40:28,"FP: 50 l/min measurement.
PP: nan",True,0.0,0.0,0.0,0.0,0.0,0.0,0.0,0.0,998.1999999999999,,
11,11,11,NaCl,0.0,1,100.0,20250324,94345,94341,2025-03-24T09:43:41,,False,0.0,0.0,0.0,0.0,0.0,0.0,0.0,0.0,998.1999999999999,,
12,12,12,NaCl,0.0,3,100.0,20250324,95854,95848,2025-03-24T09:58:48,,False,0.0,0.0,0.0,0.0,0.0,0.0,0.0,0.0,998.1999999999999,,
13,13,13,NaCl,0.0,5,100.0,20250324,101101,101057,2025-03-24T10:10:57,,False,0.0,0.0,0.0,0.0,0.0,0.0,0.0,0.0,998.1999999999999,,
14,14,14,NaCl,0.0,7,100.0,20250324,102127,102124,2025-03-24T10:21:24,,False,0.0,0.0,0.0,0.0,0.0,0.0,0.0,0.0,998.1999999999999,,
15,15,15,NaCl,0.0,9,100.0,20250324,103247,103242,2025-03-24T10:32:42,,False,0.0,0.0,0.0,0.0,0.0,0.0,0.0,0.0,998.1999999999999,,
16,16,16,NaCl,0.0004,1,100.0,20250324,104911,104908,2025-03-24T10:49:08,,False,0.02336,0.0004,39.75988921020918,0.0004,0.0,0.0004,0.0,0.0,998.2167441860464,,
17,17,17,NaCl,0.0004,3,100.0,20250324,110314,110308,2025-03-24T11:03:08,,False,0.02336,0.0004,39.75988921020918,0.0004,0.0,0.0004,0.0,0.0,998.2167441860464,,
18,18,18,NaCl,0.0004,5,100.0,20250324,111550,111546,2025-03-24T11:15:46,,False,0.02336,0.0004,39.75988921020918,0.0004,0.0,0.0004,0.0,0.0,998.2167441860464,,
19,19,19,NaCl,0.0004,7,100.0,20250324,112618,112612,2025-03-24T11:26:12,,False,0.02336,0.0004,39.75988921020918,0.0004,0.0,0.0004,0.0,0.0,998.2167441860464,,
20,20,20,NaCl,0.0004,9,100.0,20250324,113650,113646,2025-03-24T11:36:46,,False,0.02336,0.0004,39.75988921020918,0.0004,0.0,0.0004,0.0,0.0,998.2167441860464,,
21,21,21,NaCl,0.00077,1,100.0,20250324,115142,115136,2025-03-24T11:51:36,,False,0.044967999999999994,0.00077,65.55119369882442,0.00077,0.0,0.00077,0.0,0.0,998.2322325581396,,
22,22,22,NaCl,0.00077,3,100.0,20250324,120545,120542,2025-03-24T12:05:42,,False,0.044967999999999994,0.00077,65.55119369882442,0.00077,0.0,0.00077,0.0,0.0,998.2322325581396,,
23,23,23,NaCl,0.00077,5,100.0,20250324,121659,121650,2025-03-24T12:16:50,,False,0.044967999999999994,0.00077,65.55119369882442,0.00077,0.0,0.00077,0.0,0.0,998.2322325581396,,
24,24,24,NaCl,0.00077,7,100.0,20250324,122837,122834,2025-03-24T12:28:34,,False,0.044967999999999994,0.00077,65.55119369882442,0.00077,0.0,0.00077,0.0,0.0,998.2322325581396,,
25,25,25,NaCl,0.00077,9,100.0,20250324,123923,123920,2025-03-24T12:39:20,,False,0.044967999999999994,0.00077,65.55119369882442,0.00077,0.0,0.00077,0.0,0.0,998.2322325581396,,
26,26,26,NaCl,0.0015,1,100.0,20250324,132955,132950,2025-03-24T13:29:50,"FP: Only holdup (disk full).
PP: nan",True,0.0876,0.0015,108.27871517290615,0.0015,0.0,0.0015,0.0,0.0,998.2627906976744,,
27,27,27,NaCl,0.0015,1,100.0,20250324,141431,141427,2025-03-24T14:14:27,"FP: No data - exclude.
PP: nan",True,0.0876,0.0015,108.27871517290615,0.0015,0.0,0.0015,0.0,0.0,998.2627906976744,,
28,28,28,NaCl,0.0015,3,100.0,20250324,143145,143142,2025-03-24T14:31:42,"FP: No data - exclude.
PP: nan",True,0.0876,0.0015,108.27871517290615,0.0015,0.0,0.0015,0.0,0.0,998.2627906976744,,
29,29,29,NaCl,0.0015,5,100.0,20250324,144453,144451,2025-03-24T14:44:51,"FP: No data - exclude.
PP: nan",True,0.0876,0.0015,108.27871517290615,0.0015,0.0,0.0015,0.0,0.0,998.2627906976744,,
30,30,30,NaCl,0.0015,7,100.0,20250324,145711,145706,2025-03-24T14:57:06,"FP: No data - exclude.
PP: nan",True,0.0876,0.0015,108.27871517290615,0.0015,0.0,0.0015,0.0,0.0,998.2627906976744,,
31,31,31,NaCl,0.0015,9,100.0,20250324,150717,150715,2025-03-24T15:07:15,"FP: No data - exclude.
PP: nan",True,0.0876,0.0015,108.27871517290615,0.0015,0.0,0.0015,0.0,0.0,998.2627906976744,,
32,32,32,NaCl,0.0028,1,100.0,20250324,152334,152330,2025-03-24T15:23:30,"FP: No data - exclude.
PP: nan",True,0.16352,0.0028,171.91758435974862,0.0028,0.0,0.0028,0.0,0.0,998.3172093023256,,
33,33,33,NaCl,0.0028,3,100.0,20250324,153708,153705,2025-03-24T15:37:05,"FP: No data - exclude.
PP: nan",True,0.16352,0.0028,171.91758435974862,0.0028,0.0,0.0028,0.0,0.0,998.3172093023256,,
34,34,34,NaCl,0.0028,5,100.0,20250324,155028,155025,2025-03-24T15:50:25,"FP: No data - exclude.
PP: nan",True,0.16352,0.0028,171.91758435974862,0.0028,0.0,0.0028,0.0,0.0,998.3172093023256,,
35,35,35,NaCl,0.0028,7,100.0,20250324,160119,160116,2025-03-24T16:01:16,"FP: No data - exclude.
PP: nan",True,0.16352,0.0028,171.91758435974862,0.0028,0.0,0.0028,0.0,0.0,998.3172093023256,,
36,36,36,NaCl,0.0028,9,100.0,20250324,161303,161301,2025-03-24T16:13:01,"FP: No data - exclude.
PP: nan",True,0.16352,0.0028,171.91758435974862,0.0028,0.0,0.0028,0.0,0.0,998.3172093023256,,
37,37,37,NaCl,0.0,1,100.0,20250326,93136,93109,2025-03-26T09:31:09,,False,0.0,0.0,0.0,0.0,0.0,0.0,0.0,0.0,998.1999999999999,,
38,38,38,NaCl,0.0,3,100.0,20250326,94716,94713,2025-03-26T09:47:13,,False,0.0,0.0,0.0,0.0,0.0,0.0,0.0,0.0,998.1999999999999,,
39,39,39,NaCl,0.0,5,100.0,20250326,100624,100606,2025-03-26T10:06:06,,False,0.0,0.0,0.0,0.0,0.0,0.0,0.0,0.0,998.1999999999999,,
40,40,40,NaCl,0.0,7,100.0,20250326,101735,101732,2025-03-26T10:17:32,,False,0.0,0.0,0.0,0.0,0.0,0.0,0.0,0.0,998.1999999999999,,
41,41,41,NaCl,0.0,9,100.0,20250326,102801,102740,2025-03-26T10:27:40,,False,0.0,0.0,0.0,0.0,0.0,0.0,0.0,0.0,998.1999999999999,,
42,42,42,NaCl,0.0015,1,100.0,20250326,110642,110639,2025-03-26T11:06:39,,False,0.0876,0.0015,108.27871517290615,0.0015,0.0,0.0015,0.0,0.0,998.2627906976744,,
43,43,43,NaCl,0.0015,3,100.0,20250326,112112,112109,2025-03-26T11:21:09,,False,0.0876,0.0015,108.27871517290615,0.0015,0.0,0.0015,0.0,0.0,998.2627906976744,,
44,44,44,NaCl,0.0015,5,100.0,20250326,113445,113442,2025-03-26T11:34:42,,False,0.0876,0.0015,108.27871517290615,0.0015,0.0,0.0015,0.0,0.0,998.2627906976744,,
45,45,45,NaCl,0.0015,7,100.0,20250326,114510,114508,2025-03-26T11:45:08,,False,0.0876,0.0015,108.27871517290615,0.0015,0.0,0.0015,0.0,0.0,998.2627906976744,,
46,46,46,NaCl,0.0015,9,100.0,20250326,115521,115518,2025-03-26T11:55:18,,False,0.0876,0.0015,108.27871517290615,0.0015,0.0,0.0015,0.0,0.0,998.2627906976744,,
47,47,47,NaCl,0.0028,1,100.0,20250326,120940,120937,2025-03-26T12:09:37,,False,0.16352,0.0028,171.91758435974862,0.0028,0.0,0.0028,0.0,0.0,998.3172093023256,,
48,48,48,NaCl,0.0028,3,100.0,20250326,122544,122542,2025-03-26T12:25:42,,False,0.16352,0.0028,171.91758435974862,0.0028,0.0,0.0028,0.0,0.0,998.3172093023256,,
49,49,49,NaCl,0.0028,5,100.0,20250326,131617,131614,2025-03-26T13:16:14,,False,0.16352,0.0028,171.91758435974862,0.0028,0.0,0.0028,0.0,0.0,998.3172093023256,,
50,50,50,NaCl,0.0028,7,100.0,20250326,132603,132600,2025-03-26T13:26:00,,False,0.16352,0.0028,171.91758435974862,0.0028,0.0,0.0028,0.0,0.0,998.3172093023256,,
51,51,51,NaCl,0.0028,9,100.0,20250326,133732,133729,2025-03-26T13:37:29,,False,0.16352,0.0028,171.91758435974862,0.0028,0.0,0.0028,0.0,0.0,998.3172093023256,,
52,52,52,NaCl,0.0054,1,100.0,20250326,135239,135235,2025-03-26T13:52:35,,False,0.31536000000000003,0.0054,278.1239694368388,0.0054,0.0,0.0054,0.0,0.0,998.4260465116279,,
53,53,53,NaCl,0.0054,3,100.0,20250326,144609,144605,2025-03-26T14:46:05,,False,0.31536000000000003,0.0054,278.1239694368388,0.0054,0.0,0.0054,0.0,0.0,998.4260465116279,,
54,54,54,NaCl,0.0054,5,100.0,20250326,150813,150810,2025-03-26T15:08:10,,False,0.31536000000000003,0.0054,278.1239694368388,0.0054,0.0,0.0054,0.0,0.0,998.4260465116279,,
55,55,55,NaCl,0.0054,7,100.0,20250326,151825,151821,2025-03-26T15:18:21,,False,0.31536000000000003,0.0054,278.1239694368388,0.0054,0.0,0.0054,0.0,0.0,998.4260465116279,,
56,56,56,NaCl,0.0054,9,100.0,20250326,153008,153006,2025-03-26T15:30:06,,False,0.31536000000000003,0.0054,278.1239694368388,0.0054,0.0,0.0054,0.0,0.0,998.4260465116279,,
57,57,57,NaCl,0.01,1,100.0,20250326,154333,154330,2025-03-26T15:43:30,,False,0.584,0.01,435.43350173662645,0.01,0.0,0.01,0.0,0.0,998.6186046511629,,
58,58,58,NaCl,0.01,3,100.0,20250326,155836,155833,2025-03-26T15:58:33,,False,0.584,0.01,435.43350173662645,0.01,0.0,0.01,0.0,0.0,998.6186046511629,,
59,59,59,NaCl,0.01,5,100.0,20250326,160925,160923,2025-03-26T16:09:23,,False,0.584,0.01,435.43350173662645,0.01,0.0,0.01,0.0,0.0,998.6186046511629,,
60,60,60,NaCl,0.01,7,100.0,20250326,162530,162528,2025-03-26T16:25:28,,False,0.584,0.01,435.43350173662645,0.01,0.0,0.01,0.0,0.0,998.6186046511629,,
61,61,61,NaCl,0.01,9,100.0,20250326,163654,163652,2025-03-26T16:36:52,,False,0.584,0.01,435.43350173662645,0.01,0.0,0.01,0.0,0.0,998.6186046511629,,
62,62,62,NaCl,0.02,1,100.0,20250327,91203,91201,2025-03-27T09:12:01,,False,1.168,0.02,720.262819339421,0.02,0.0,0.02,0.0,0.0,999.0372093023256,,
63,63,63,NaCl,0.02,3,100.0,20250327,92622,92619,2025-03-27T09:26:19,,False,1.168,0.02,720.262819339421,0.02,0.0,0.02,0.0,0.0,999.0372093023256,,
64,64,64,NaCl,0.02,5,100.0,20250327,94046,94043,2025-03-27T09:40:43,,False,1.168,0.02,720.262819339421,0.02,0.0,0.02,0.0,0.0,999.0372093023256,,
65,65,65,NaCl,0.02,7,100.0,20250327,95143,95137,2025-03-27T09:51:37,,False,1.168,0.02,720.262819339421,0.02,0.0,0.02,0.0,0.0,999.0372093023256,,
66,66,66,NaCl,0.02,9,100.0,20250327,100227,100224,2025-03-27T10:02:24,,False,1.168,0.02,720.262819339421,0.02,0.0,0.02,0.0,0.0,999.0372093023256,,
67,67,67,NaCl,0.037,1,100.0,20250327,101646,101642,2025-03-27T10:16:42,,False,2.1608,0.037,1129.941868148217,0.037,0.0,0.037,0.0,0.0,999.7488372093023,,
68,68,68,NaCl,0.037,3,100.0,20250327,102946,102944,2025-03-27T10:29:44,,False,2.1608,0.037,1129.941868148217,0.037,0.0,0.037,0.0,0.0,999.7488372093023,,
69,69,69,NaCl,0.037,5,100.0,20250327,104052,104050,2025-03-27T10:40:50,,False,2.1608,0.037,1129.941868148217,0.037,0.0,0.037,0.0,0.0,999.7488372093023,,
70,70,70,NaCl,0.037,7,100.0,20250327,105249,105247,2025-03-27T10:52:47,,False,2.1608,0.037,1129.941868148217,0.037,0.0,0.037,0.0,0.0,999.7488372093023,,
71,71,71,NaCl,0.037,9,100.0,20250327,110557,110215,2025-03-27T11:02:15,"FP: Use PP 110557.
PP: nan",False,2.1608,0.037,1129.941868148217,0.037,0.0,0.037,0.0,0.0,999.7488372093023,,
72,72,72,NaCl,0.072,1,100.0,20250327,111656,111654,2025-03-27T11:16:54,,False,4.2048,0.072,1855.7411144639857,0.072,0.0,0.072,0.0,0.0,1001.2139534883721,,
73,73,73,NaCl,0.072,3,100.0,20250327,112915,112912,2025-03-27T11:29:12,,False,4.2048,0.072,1855.7411144639857,0.072,0.0,0.072,0.0,0.0,1001.2139534883721,,
74,74,74,NaCl,0.072,5,100.0,20250327,114115,114112,2025-03-27T11:41:12,,False,4.2048,0.072,1855.7411144639857,0.072,0.0,0.072,0.0,0.0,1001.2139534883721,,
75,75,75,NaCl,0.072,7,100.0,20250327,115023,115020,2025-03-27T11:50:20,,False,4.2048,0.072,1855.7411144639857,0.072,0.0,0.072,0.0,0.0,1001.2139534883721,,
76,76,76,NaCl,0.072,9,100.0,20250327,120043,120041,2025-03-27T12:00:41,,False,4.2048,0.072,1855.7411144639857,0.072,0.0,0.072,0.0,0.0,1001.2139534883721,,
77,77,77,NaCl,0.14,1,100.0,20250327,132138,132134,2025-03-27T13:21:34,,False,8.176,0.14,3093.5002969795432,0.14,0.0,0.14,0.0,0.0,1003.9976744186048,,
78,78,78,NaCl,0.14,3,100.0,20250327,133746,133743,2025-03-27T13:37:43,,False,8.176,0.14,3093.5002969795432,0.14,0.0,0.14,0.0,0.0,1003.9976744186048,,
79,79,79,NaCl,0.14,5,100.0,20250327,134740,134736,2025-03-27T13:47:36,,False,8.176,0.14,3093.5002969795432,0.14,0.0,0.14,0.0,0.0,1003.9976744186048,,
80,80,80,NaCl,0.14,7,100.0,20250327,135908,135905,2025-03-27T13:59:05,,False,8.176,0.14,3093.5002969795432,0.14,0.0,0.14,0.0,0.0,1003.9976744186048,,
81,81,81,NaCl,0.14,9,100.0,20250327,140817,140815,2025-03-27T14:08:15,,False,8.176,0.14,3093.5002969795432,0.14,0.0,0.14,0.0,0.0,1003.9976744186048,,
82,82,82,NaCl,0.26,1,100.0,20250327,143205,143203,2025-03-27T14:32:03,"FP: SKIP. Incomplete. Disk full..
PP: Wrote hardly anything because of reasons?",True,15.184,0.26,5072.25310392577,0.26,0.0,0.26,0.0,0.0,1008.9413793103448,,
83,83,83,NaCl,0.26,3,100.0,20250327,144431,144421,2025-03-27T14:44:21,"FP: SKIP. No data. Disk full..
PP: Didn't write either. Moved to U: drive now.",True,15.184,0.26,5072.25310392577,0.26,0.0,0.26,0.0,0.0,1008.9413793103448,,
84,84,84,NaCl,0.26,5,100.0,20250327,145749,145746,2025-03-27T14:57:46,"FP: SKIP. No data. Disk full..
PP: nan",True,15.184,0.26,5072.25310392577,0.26,0.0,0.26,0.0,0.0,1008.9413793103448,,
85,85,85,NaCl,0.26,1,100.0,20250327,150432,150417,2025-03-27T15:04:17,"FP: SKIP. No data. Disk full..
PP: nan",True,15.184,0.26,5072.25310392577,0.26,0.0,0.26,0.0,0.0,1008.9413793103448,,
86,86,86,NaCl,0.26,1,100.0,20250327,151735,151729,2025-03-27T15:17:29,"FP: Finally a normal-sized file again..
PP: nan",False,15.184,0.26,5072.25310392577,0.26,0.0,0.26,0.0,0.0,1008.9413793103448,,
87,87,87,NaCl,0.26,3,100.0,20250327,152851,152847,2025-03-27T15:28:47,,False,15.184,0.26,5072.25310392577,0.26,0.0,0.26,0.0,0.0,1008.9413793103448,,
88,88,88,NaCl,0.26,5,100.0,20250327,154000,153956,2025-03-27T15:39:56,,False,15.184,0.26,5072.25310392577,0.26,0.0,0.26,0.0,0.0,1008.9413793103448,,
89,89,89,NaCl,0.26,7,100.0,20250327,154952,154948,2025-03-27T15:49:48,,False,15.184,0.26,5072.25310392577,0.26,0.0,0.26,0.0,0.0,1008.9413793103448,,
90,90,90,NaCl,0.26,9,100.0,20250327,155841,155839,2025-03-27T15:58:39,,False,15.184,0.26,5072.25310392577,0.26,0.0,0.26,0.0,0.0,1008.9413793103448,,
91,91,91,NaCl,0.5,1,100.0,20250328,94013,93949,2025-03-28T09:39:49,,False,29.2,0.5,8759.225226414474,0.5,0.0,0.5,0.0,0.0,1018.6774011299435,,
92,92,92,NaCl,0.5,3,100.0,20250328,95756,95341,2025-03-28T09:53:41,"FP: Use PP log 095756.
PP: nan",False,29.2,0.5,8759.225226414474,0.5,0.0,0.5,0.0,0.0,1018.6774011299435,,
93,93,93,NaCl,0.5,5,100.0,20250328,100341,100338,2025-03-28T10:03:38,,False,29.2,0.5,8759.225226414474,0.5,0.0,0.5,0.0,0.0,1018.6774011299435,,
94,94,94,NaCl,0.5,7,100.0,20250328,101402,101359,2025-03-28T10:13:59,,False,29.2,0.5,8759.225226414474,0.5,0.0,0.5,0.0,0.0,1018.6774011299435,,
95,95,95,NaCl,0.5,9,100.0,20250328,102405,102402,2025-03-28T10:24:02,,False,29.2,0.5,8759.225226414474,0.5,0.0,0.5,0.0,0.0,1018.6774011299435,,
96,96,96,NaCl,0.5,1,100.0,20250328,103420,103406,2025-03-28T10:34:06,"FP: Redo of 093949. Smaller n_bubbles..
PP: nan",False,29.2,0.5,8759.225226414474,0.5,0.0,0.5,0.0,0.0,1018.6774011299435,,
97,97,97,NH4Cl,0.0,1,100.0,20250331,102002,102000,2025-03-31T10:20:00,,False,0.0,0.0,0.0,0.0,0.0,0.0,0.0,0.0,998.1999999999999,,
98,98,98,NH4Cl,0.0,3,100.0,20250331,103500,103457,2025-03-31T10:34:57,,False,0.0,0.0,0.0,0.0,0.0,0.0,0.0,0.0,998.1999999999999,,
99,99,99,NH4Cl,0.0,5,100.0,20250331,104753,104751,2025-03-31T10:47:51,,False,0.0,0.0,0.0,0.0,0.0,0.0,0.0,0.0,998.1999999999999,,
100,100,100,NH4Cl,0.0,7,100.0,20250331,110118,105818,2025-03-31T10:58:18,"FP: Use 110118 as PP measurement..
PP: Recorded a bit late. Might not perfectly represent the measurement.",False,0.0,0.0,0.0,0.0,0.0,0.0,0.0,0.0,998.1999999999999,,
101,101,101,NH4Cl,0.0,9,100.0,20250331,111012,111010,2025-03-31T11:10:10,,False,0.0,0.0,0.0,0.0,0.0,0.0,0.0,0.0,998.1999999999999,,
102,102,102,NH4Cl,0.0004,1,100.0,20250331,112510,112507,2025-03-31T11:25:07,,False,0.021396000000000002,0.0004,39.75988921020918,0.0,0.0004,0.0004,0.0,0.0,998.20688172043,,
103,103,103,NH4Cl,0.0004,3,100.0,20250331,113932,113929,2025-03-31T11:39:29,,False,0.021396000000000002,0.0004,39.75988921020918,0.0,0.0004,0.0004,0.0,0.0,998.20688172043,,
104,104,104,NH4Cl,0.0004,5,100.0,20250331,115522,115520,2025-03-31T11:55:20,,False,0.021396000000000002,0.0004,39.75988921020918,0.0,0.0004,0.0004,0.0,0.0,998.20688172043,,
105,105,105,NH4Cl,0.0004,7,100.0,20250331,120643,120639,2025-03-31T12:06:39,,False,0.021396000000000002,0.0004,39.75988921020918,0.0,0.0004,0.0004,0.0,0.0,998.20688172043,,
106,106,106,NH4Cl,0.0004,9,100.0,20250331,121840,121838,2025-03-31T12:18:38,,False,0.021396000000000002,0.0004,39.75988921020918,0.0,0.0004,0.0004,0.0,0.0,998.20688172043,,
107,107,107,NH4Cl,0.00077,1,100.0,20250331,132134,132131,2025-03-31T13:21:31,,False,0.041187299999999996,0.00077,65.55119369882442,0.0,0.00077,0.00077,0.0,0.0,998.2132473118279,,
108,108,108,NH4Cl,0.00077,3,100.0,20250331,134141,134138,2025-03-31T13:41:38,,False,0.041187299999999996,0.00077,65.55119369882442,0.0,0.00077,0.00077,0.0,0.0,998.2132473118279,,
109,109,109,NH4Cl,0.00077,5,100.0,20250331,135731,135729,2025-03-31T13:57:29,,False,0.041187299999999996,0.00077,65.55119369882442,0.0,0.00077,0.00077,0.0,0.0,998.2132473118279,,
110,110,110,NH4Cl,0.00077,7,100.0,20250331,140812,140809,2025-03-31T14:08:09,,False,0.041187299999999996,0.00077,65.55119369882442,0.0,0.00077,0.00077,0.0,0.0,998.2132473118279,,
111,111,111,NH4Cl,0.00077,9,100.0,20250331,142026,142024,2025-03-31T14:20:24,,False,0.041187299999999996,0.00077,65.55119369882442,0.0,0.00077,0.00077,0.0,0.0,998.2132473118279,,
112,112,112,NH4Cl,0.0015,1,100.0,20250331,143905,143903,2025-03-31T14:39:03,,False,0.080235,0.0015,108.27871517290615,0.0,0.0015,0.0015,0.0,0.0,998.2258064516128,,
113,113,113,NH4Cl,0.0015,3,100.0,20250331,145423,145420,2025-03-31T14:54:20,,False,0.080235,0.0015,108.27871517290615,0.0,0.0015,0.0015,0.0,0.0,998.2258064516128,,
114,114,114,NH4Cl,0.0015,5,100.0,20250331,150742,150740,2025-03-31T15:07:40,,False,0.080235,0.0015,108.27871517290615,0.0,0.0015,0.0015,0.0,0.0,998.2258064516128,,
115,115,115,NH4Cl,0.0015,7,100.0,20250331,151812,151810,2025-03-31T15:18:10,,False,0.080235,0.0015,108.27871517290615,0.0,0.0015,0.0015,0.0,0.0,998.2258064516128,,
116,116,116,NH4Cl,0.0015,9,100.0,20250331,153231,153228,2025-03-31T15:32:28,,False,0.080235,0.0015,108.27871517290615,0.0,0.0015,0.0015,0.0,0.0,998.2258064516128,,
117,117,117,NH4Cl,0.0028,1,100.0,20250331,154633,154629,2025-03-31T15:46:29,,False,0.14977200000000002,0.0028,171.91758435974862,0.0,0.0028,0.0028,0.0,0.0,998.2481720430108,,
118,118,118,NH4Cl,0.0028,3,100.0,20250331,160220,160216,2025-03-31T16:02:16,,False,0.14977200000000002,0.0028,171.91758435974862,0.0,0.0028,0.0028,0.0,0.0,998.2481720430108,,
119,119,119,NH4Cl,0.0028,5,100.0,20250331,161409,161407,2025-03-31T16:14:07,,False,0.14977200000000002,0.0028,171.91758435974862,0.0,0.0028,0.0028,0.0,0.0,998.2481720430108,,
120,120,120,NH4Cl,0.0028,7,100.0,20250331,162501,162457,2025-03-31T16:24:57,,False,0.14977200000000002,0.0028,171.91758435974862,0.0,0.0028,0.0028,0.0,0.0,998.2481720430108,,
121,121,121,NH4Cl,0.0028,9,100.0,20250331,164226,164223,2025-03-31T16:42:23,,False,0.14977200000000002,0.0028,171.91758435974862,0.0,0.0028,0.0028,0.0,0.0,998.2481720430108,,
122,122,122,NH4Cl,0.0053,1,100.0,20250401,90716,90712,2025-04-01T09:07:12,,False,0.283497,0.0053,274.4813136604999,0.0,0.0053,0.0053,0.0,0.0,998.291182795699,,
123,123,123,NH4Cl,0.0053,3,100.0,20250401,92818,92815,2025-04-01T09:28:15,,False,0.283497,0.0053,274.4813136604999,0.0,0.0053,0.0053,0.0,0.0,998.291182795699,,
124,124,124,NH4Cl,0.0053,5,100.0,20250401,93950,93946,2025-04-01T09:39:46,,False,0.283497,0.0053,274.4813136604999,0.0,0.0053,0.0053,0.0,0.0,998.291182795699,,
125,125,125,NH4Cl,0.0053,7,100.0,20250401,95005,95002,2025-04-01T09:50:02,,False,0.283497,0.0053,274.4813136604999,0.0,0.0053,0.0053,0.0,0.0,998.291182795699,,
126,126,126,NH4Cl,0.0053,9,100.0,20250401,100104,100101,2025-04-01T10:01:01,,False,0.283497,0.0053,274.4813136604999,0.0,0.0053,0.0053,0.0,0.0,998.291182795699,,
127,127,127,NH4Cl,0.01,1,100.0,20250401,101850,101846,2025-04-01T10:18:46,,False,0.5349,0.01,435.43350173662645,0.0,0.01,0.01,0.0,0.0,998.3720430107527,,
128,128,128,NH4Cl,0.01,3,100.0,20250401,103439,103436,2025-04-01T10:34:36,,False,0.5349,0.01,435.43350173662645,0.0,0.01,0.01,0.0,0.0,998.3720430107527,,
129,129,129,NH4Cl,0.01,5,100.0,20250401,104613,104610,2025-04-01T10:46:10,,False,0.5349,0.01,435.43350173662645,0.0,0.01,0.01,0.0,0.0,998.3720430107527,,
130,130,130,NH4Cl,0.01,7,100.0,20250401,105716,105714,2025-04-01T10:57:14,,False,0.5349,0.01,435.43350173662645,0.0,0.01,0.01,0.0,0.0,998.3720430107527,,
131,131,131,NH4Cl,0.01,9,100.0,20250401,110804,110801,2025-04-01T11:08:01,,False,0.5349,0.01,435.43350173662645,0.0,0.01,0.01,0.0,0.0,998.3720430107527,,
132,132,132,NH4Cl,0.02,1,100.0,20250401,112202,112159,2025-04-01T11:21:59,,False,1.0698,0.02,720.262819339421,0.0,0.02,0.02,0.0,0.0,998.5440860215053,,
133,133,133,NH4Cl,0.02,3,100.0,20250401,113713,113711,2025-04-01T11:37:11,,False,1.0698,0.02,720.262819339421,0.0,0.02,0.02,0.0,0.0,998.5440860215053,,
134,134,134,NH4Cl,0.02,5,100.0,20250401,114929,114926,2025-04-01T11:49:26,,False,1.0698,0.02,720.262819339421,0.0,0.02,0.02,0.0,0.0,998.5440860215053,,
135,135,135,NH4Cl,0.02,5,100.0,20250401,135529,135527,2025-04-01T13:55:27,"FP: Redo of 114926 after lunch. Fewer bubbles and shorter holdup..
PP: nan",False,1.0698,0.02,720.262819339421,0.0,0.02,0.02,0.0,0.0,998.5440860215053,,
136,136,136,NH4Cl,0.02,7,100.0,20250401,140006,140003,2025-04-01T14:00:03,,False,1.0698,0.02,720.262819339421,0.0,0.02,0.02,0.0,0.0,998.5440860215053,,
137,137,137,NH4Cl,0.02,9,100.0,20250401,141051,141048,2025-04-01T14:10:48,,False,1.0698,0.02,720.262819339421,0.0,0.02,0.02,0.0,0.0,998.5440860215053,,
138,138,138,NH4Cl,0.037,1,100.0,20250401,142513,142509,2025-04-01T14:25:09,,False,1.97913,0.037,1129.941868148217,0.0,0.037,0.037,0.0,0.0,998.836559139785,,
139,139,139,NH4Cl,0.037,3,100.0,20250401,144040,144037,2025-04-01T14:40:37,,False,1.97913,0.037,1129.941868148217,0.0,0.037,0.037,0.0,0.0,998.836559139785,,
140,140,140,NH4Cl,0.037,5,100.0,20250401,145415,145411,2025-04-01T14:54:11,,False,1.97913,0.037,1129.941868148217,0.0,0.037,0.037,0.0,0.0,998.836559139785,,
141,141,141,NH4Cl,0.037,7,100.0,20250401,150534,150531,2025-04-01T15:05:31,"FP: SKIP. Aborted due to decreasing FP signal. Analysis still goes fine. Redoing..
PP: nan",True,1.97913,0.037,1129.941868148217,0.0,0.037,0.037,0.0,0.0,998.836559139785,,
142,142,142,NH4Cl,0.037,7,100.0,20250401,150534,151111,2025-04-01T15:11:11,"FP: SKIP. Use PP 150534. Note that FP signal is now getting a bit weird. Keep an eye out for strange results. Many fragmented bubbles. Redo at higher laser intensity..
PP: nan",True,1.97913,0.037,1129.941868148217,0.0,0.037,0.037,0.0,0.0,998.836559139785,,
143,143,143,NH4Cl,0.037,9,100.0,20250401,152227,152222,2025-04-01T15:22:22,"FP: SKIP. Software froze halfway. Voltage seems to have dropped far enough to not recognize bubbles anymore..
PP: nan",True,1.97913,0.037,1129.941868148217,0.0,0.037,0.037,0.0,0.0,998.836559139785,,
144,144,144,NH4Cl,0.037,9,100.0,20250401,154221,154219,2025-04-01T15:42:19,,False,1.97913,0.037,1129.941868148217,0.0,0.037,0.037,0.0,0.0,998.836559139785,,
145,145,145,NH4Cl,0.037,7,100.0,20250401,155603,155555,2025-04-01T15:55:55,"FP: nan.
PP: Not logged on the day. Log as would be expected. Keep eye out for weirdness.",False,1.97913,0.037,1129.941868148217,0.0,0.037,0.037,0.0,0.0,998.836559139785,,
146,146,146,NH4Cl,0.0,5,50.0,20250403,95011,93138,2025-04-03T09:31:38,"FP: 50 l/min. Has no PP. Use PP 095011. Ignore warnings and SKIP. Short measurement. Took a while to realize the flowrate was not yet 100..
PP: nan",True,0.0,0.0,0.0,0.0,0.0,0.0,0.0,0.0,998.1999999999999,,
147,147,147,NH4Cl,0.0,5,100.0,20250403,95011,93531,2025-04-03T09:35:31,"FP: Has no PP. Use PP 095011. Ignore warnings and SKIP. Check for comparison with previous days. No PP in there..
PP: nan",True,0.0,0.0,0.0,0.0,0.0,0.0,0.0,0.0,998.1999999999999,,
148,148,148,NH4Cl,0.072,1,100.0,20250403,95011,95007,2025-04-03T09:50:07,"FP: FP signal seems to improve over the measurement..
PP: nan",False,3.85128,0.072,1855.7411144639857,0.0,0.072,0.072,0.0,0.0,999.4387096774193,,
149,149,149,NH4Cl,0.072,3,100.0,20250403,100707,100703,2025-04-03T10:07:03,"FP: FP signal is still improving over the measurement..
PP: nan",False,3.85128,0.072,1855.7411144639857,0.0,0.072,0.072,0.0,0.0,999.4387096774193,,
150,150,150,NH4Cl,0.072,5,100.0,20250403,101928,101923,2025-04-03T10:19:23,,False,3.85128,0.072,1855.7411144639857,0.0,0.072,0.072,0.0,0.0,999.4387096774193,,
151,151,151,NH4Cl,0.072,7,100.0,20250403,103204,103202,2025-04-03T10:32:02,,False,3.85128,0.072,1855.7411144639857,0.0,0.072,0.072,0.0,0.0,999.4387096774193,,
152,152,152,NH4Cl,0.072,9,100.0,20250403,104410,104408,2025-04-03T10:44:08,,False,3.85128,0.072,1855.7411144639857,0.0,0.072,0.072,0.0,0.0,999.4387096774193,,
153,153,153,NH4Cl,0.14,1,100.0,20250403,105829,105827,2025-04-03T10:58:27,,False,7.488600000000001,0.14,3093.5002969795432,0.0,0.14,0.14,0.0,0.0,1000.6000000000001,,
154,154,154,NH4Cl,0.14,3,100.0,20250403,111305,111302,2025-04-03T11:13:02,,False,7.488600000000001,0.14,3093.5002969795432,0.0,0.14,0.14,0.0,0.0,1000.6000000000001,,
155,155,155,NH4Cl,0.14,5,100.0,20250403,112423,112420,2025-04-03T11:24:20,,False,7.488600000000001,0.14,3093.5002969795432,0.0,0.14,0.14,0.0,0.0,1000.6000000000001,,
156,156,156,NH4Cl,0.14,7,100.0,20250403,113423,113420,2025-04-03T11:34:20,,False,7.488600000000001,0.14,3093.5002969795432,0.0,0.14,0.14,0.0,0.0,1000.6000000000001,,
157,157,157,NH4Cl,0.14,9,100.0,20250403,114659,114653,2025-04-03T11:46:53,,False,7.488600000000001,0.14,3093.5002969795432,0.0,0.14,0.14,0.0,0.0,1000.6000000000001,,
158,158,158,NH4Cl,0.26,1,100.0,20250403,115956,115953,2025-04-03T11:59:53,,False,13.9074,0.26,5072.25310392577,0.0,0.26,0.26,0.0,0.0,1002.5973544973546,,
159,159,159,NH4Cl,0.26,3,100.0,20250403,121340,121334,2025-04-03T12:13:34,,False,13.9074,0.26,5072.25310392577,0.0,0.26,0.26,0.0,0.0,1002.5973544973546,,
160,160,160,NH4Cl,0.26,5,100.0,20250403,122408,122402,2025-04-03T12:24:02,,False,13.9074,0.26,5072.25310392577,0.0,0.26,0.26,0.0,0.0,1002.5973544973546,,
161,161,161,NH4Cl,0.26,5,100.0,20250403,132044,132014,2025-04-03T13:20:14,"FP: PP 132044. Same setup. Less bubbles. After lunch..
PP: nan",False,13.9074,0.26,5072.25310392577,0.0,0.26,0.26,0.0,0.0,1002.5973544973546,,
162,162,162,NH4Cl,0.26,7,100.0,20250403,132533,132527,2025-04-03T13:25:27,,False,13.9074,0.26,5072.25310392577,0.0,0.26,0.26,0.0,0.0,1002.5973544973546,,
163,163,163,NH4Cl,0.26,9,100.0,20250403,133511,133505,2025-04-03T13:35:05,"FP: FP signal dipped strongly at the end. No effect at processing..
PP: nan",False,13.9074,0.26,5072.25310392577,0.0,0.26,0.26,0.0,0.0,1002.5973544973546,,
164,164,164,NH4Cl,0.5,1,100.0,20250403,135506,135503,2025-04-03T13:55:03,"FP: FP signal restored somewhat. Things are getting wonky..
PP: nan",False,26.745,0.5,8759.225226414474,0.0,0.5,0.5,0.0,0.0,1006.5338624338624,,
165,165,165,NH4Cl,0.5,3,100.0,20250403,140804,140800,2025-04-03T14:08:00,,False,26.745,0.5,8759.225226414474,0.0,0.5,0.5,0.0,0.0,1006.5338624338624,,
166,166,166,NH4Cl,0.5,5,100.0,20250403,141825,141822,2025-04-03T14:18:22,,False,26.745,0.5,8759.225226414474,0.0,0.5,0.5,0.0,0.0,1006.5338624338624,,
167,167,167,NH4Cl,0.5,7,100.0,20250403,142804,142801,2025-04-03T14:28:01,,False,26.745,0.5,8759.225226414474,0.0,0.5,0.5,0.0,0.0,1006.5338624338624,,
168,168,168,NH4Cl,0.5,9,100.0,20250403,143808,143805,2025-04-03T14:38:05,,False,26.745,0.5,8759.225226414474,0.0,0.5,0.5,0.0,0.0,1006.5338624338624,,
169,169,169,NaAc,0.0,1,100.0,20250404,92426,92413,2025-04-04T09:24:13,,False,0.0,0.0,0.0,0.0,0.0,0.0,0.0,0.0,998.1999999999999,,
170,170,170,NaAc,0.0,3,100.0,20250404,93943,93941,2025-04-04T09:39:41,,False,0.0,0.0,0.0,0.0,0.0,0.0,0.0,0.0,998.1999999999999,,
171,171,171,NaAc,0.0,5,100.0,20250404,95110,95106,2025-04-04T09:51:06,,False,0.0,0.0,0.0,0.0,0.0,0.0,0.0,0.0,998.1999999999999,,
172,172,172,NaAc,0.0,7,100.0,20250404,100152,100147,2025-04-04T10:01:47,,False,0.0,0.0,0.0,0.0,0.0,0.0,0.0,0.0,998.1999999999999,,
173,173,173,NaAc,0.0,9,100.0,20250404,101237,101233,2025-04-04T10:12:33,,False,0.0,0.0,0.0,0.0,0.0,0.0,0.0,0.0,998.1999999999999,,
174,174,174,NaAc,0.00042,1,100.0,20250404,103101,103058,2025-04-04T10:30:58,,False,0.03444,0.00042,10.014816488582174,0.00042,0.0,0.0,0.0,0.00042,998.2179016393442,,
175,175,175,NaAc,0.00042,3,100.0,20250404,104706,104655,2025-04-04T10:46:55,,False,0.03444,0.00042,10.014816488582174,0.00042,0.0,0.0,0.0,0.00042,998.2179016393442,,
176,176,176,NaAc,0.00042,5,100.0,20250404,105826,105824,2025-04-04T10:58:24,,False,0.03444,0.00042,10.014816488582174,0.00042,0.0,0.0,0.0,0.00042,998.2179016393442,,
177,177,177,NaAc,0.00042,7,100.0,20250404,110944,110941,2025-04-04T11:09:41,,False,0.03444,0.00042,10.014816488582174,0.00042,0.0,0.0,0.0,0.00042,998.2179016393442,,
178,178,178,NaAc,0.00042,9,100.0,20250404,112036,112034,2025-04-04T11:20:34,,False,0.03444,0.00042,10.014816488582174,0.00042,0.0,0.0,0.0,0.00042,998.2179016393442,,
179,179,179,NaAc,0.0008,7,100.0,20250404,113446,113444,2025-04-04T11:34:44,,False,0.0656,0.0008,13.859323874396798,0.0008,0.0,0.0,0.0,0.0008,998.2340983606557,,
180,180,180,NaAc,0.0008,1,100.0,20250404,114804,114802,2025-04-04T11:48:02,,False,0.0656,0.0008,13.859323874396798,0.0008,0.0,0.0,0.0,0.0008,998.2340983606557,,
181,181,181,NaAc,0.0008,3,100.0,20250404,134947,134945,2025-04-04T13:49:45,,False,0.0656,0.0008,13.859323874396798,0.0008,0.0,0.0,0.0,0.0008,998.2340983606557,,
182,182,182,NaAc,0.0008,5,100.0,20250404,140237,140235,2025-04-04T14:02:35,,False,0.0656,0.0008,13.859323874396798,0.0008,0.0,0.0,0.0,0.0008,998.2340983606557,,
183,183,183,NaAc,0.0008,9,100.0,20250404,141654,141653,2025-04-04T14:16:53,,False,0.0656,0.0008,13.859323874396798,0.0008,0.0,0.0,0.0,0.0008,998.2340983606557,,
184,184,184,NaAc,0.0017,1,100.0,20250404,143150,143148,2025-04-04T14:31:48,,False,0.1394,0.0017,19.431562381971347,0.0017,0.0,0.0,0.0,0.0017,998.2724590163934,,
185,185,185,NaAc,0.0017,3,100.0,20250404,144643,144641,2025-04-04T14:46:41,,False,0.1394,0.0017,19.431562381971347,0.0017,0.0,0.0,0.0,0.0017,998.2724590163934,,
186,186,186,NaAc,0.0017,5,100.0,20250404,150248,150247,2025-04-04T15:02:47,,False,0.1394,0.0017,19.431562381971347,0.0017,0.0,0.0,0.0,0.0017,998.2724590163934,,
187,187,187,NaAc,0.0017,7,100.0,20250404,151333,151331,2025-04-04T15:13:31,,False,0.1394,0.0017,19.431562381971347,0.0017,0.0,0.0,0.0,0.0017,998.2724590163934,,
188,188,188,NaAc,0.0017,9,100.0,20250404,152949,152947,2025-04-04T15:29:47,,False,0.1394,0.0017,19.431562381971347,0.0017,0.0,0.0,0.0,0.0017,998.2724590163934,,
189,189,189,NaAc,0.0034,1,100.0,20250404,154546,154544,2025-04-04T15:45:44,,False,0.2788,0.0034,24.854509037513267,0.0034,0.0,0.0,0.0,0.0034,998.344918032787,,
190,190,190,NaAc,0.0034,3,100.0,20250404,154546,154544,2025-04-04T15:45:44,,False,0.2788,0.0034,24.854509037513267,0.0034,0.0,0.0,0.0,0.0034,998.344918032787,,
191,191,191,NaAc,0.0034,5,100.0,20250404,161538,161536,2025-04-04T16:15:36,,False,0.2788,0.0034,24.854509037513267,0.0034,0.0,0.0,0.0,0.0034,998.344918032787,,
192,192,192,NaAc,0.0034,7,100.0,20250404,162603,162601,2025-04-04T16:26:01,,False,0.2788,0.0034,24.854509037513267,0.0034,0.0,0.0,0.0,0.0034,998.344918032787,,
193,193,193,NaAc,0.0034,9,100.0,20250404,163636,163634,2025-04-04T16:36:34,,False,0.2788,0.0034,24.854509037513267,0.0034,0.0,0.0,0.0,0.0034,998.344918032787,,
194,194,194,NaAc,0.0,5,100.0,20250407,94247,94244,2025-04-07T09:42:44,"FP: Recheck of water..
PP: Recheck of water.",False,0.0,0.0,0.0,0.0,0.0,0.0,0.0,0.0,998.1999999999999,,
195,195,195,NaAc,0.0069,1,100.0,20250407,95447,95445,2025-04-07T09:54:45,,False,0.5658,0.0069,30.929047439346135,0.0069,0.0,0.0,0.0,0.0069,998.4940983606557,,
196,196,196,NaAc,0.0069,3,100.0,20250407,100932,100930,2025-04-07T10:09:30,,False,0.5658,0.0069,30.929047439346135,0.0069,0.0,0.0,0.0,0.0069,998.4940983606557,,
197,197,197,NaAc,0.0069,5,100.0,20250407,102315,102313,2025-04-07T10:23:13,,False,0.5658,0.0069,30.929047439346135,0.0069,0.0,0.0,0.0,0.0069,998.4940983606557,,
198,198,198,NaAc,0.0069,7,100.0,20250407,103434,103430,2025-04-07T10:34:30,,False,0.5658,0.0069,30.929047439346135,0.0069,0.0,0.0,0.0,0.0069,998.4940983606557,,
199,199,199,NaAc,0.0069,9,100.0,20250407,104525,104523,2025-04-07T10:45:23,,False,0.5658,0.0069,30.929047439346135,0.0069,0.0,0.0,0.0,0.0069,998.4940983606557,,
200,200,200,NaAc,0.014,1,100.0,20250407,105857,105854,2025-04-07T10:58:54,,False,1.1480000000000001,0.014,37.12601594010451,0.014,0.0,0.0,0.0,0.014,998.7967213114754,,
201,201,201,NaAc,0.014,3,100.0,20250407,111714,111712,2025-04-07T11:17:12,,False,1.1480000000000001,0.014,37.12601594010451,0.014,0.0,0.0,0.0,0.014,998.7967213114754,,
202,202,202,NaAc,0.014,5,100.0,20250407,112828,112825,2025-04-07T11:28:25,,False,1.1480000000000001,0.014,37.12601594010451,0.014,0.0,0.0,0.0,0.014,998.7967213114754,,
203,203,203,NaAc,0.014,7,100.0,20250407,113917,113914,2025-04-07T11:39:14,,False,1.1480000000000001,0.014,37.12601594010451,0.014,0.0,0.0,0.0,0.014,998.7967213114754,,
204,204,204,NaAc,0.014,9,100.0,20250407,115238,115235,2025-04-07T11:52:35,,False,1.1480000000000001,0.014,37.12601594010451,0.014,0.0,0.0,0.0,0.014,998.7967213114754,,
205,205,205,NaAc,0.029,1,100.0,20250407,120659,120657,2025-04-07T12:06:57,,False,2.378,0.029,48.30086304948895,0.029,0.0,0.0,0.0,0.029,999.4360655737704,,
206,206,206,NaAc,0.029,3,100.0,20250407,122420,122418,2025-04-07T12:24:18,,False,2.378,0.029,48.30086304948895,0.029,0.0,0.0,0.0,0.029,999.4360655737704,,
207,207,207,NaAc,0.029,5,100.0,20250407,132625,132622,2025-04-07T13:26:22,,False,2.378,0.029,48.30086304948895,0.029,0.0,0.0,0.0,0.029,999.4360655737704,,
208,208,208,NaAc,0.029,7,100.0,20250407,134106,134102,2025-04-07T13:41:02,,False,2.378,0.029,48.30086304948895,0.029,0.0,0.0,0.0,0.029,999.4360655737704,,
209,209,209,NaAc,0.029,9,100.0,20250407,135147,135144,2025-04-07T13:51:44,,False,2.378,0.029,48.30086304948895,0.029,0.0,0.0,0.0,0.029,999.4360655737704,,
210,210,210,NaAc,0.058,1,100.0,20250407,141005,141002,2025-04-07T14:10:02,,False,4.756,0.058,76.1249840354003,0.058,0.0,0.0,0.0,0.058,1000.6721311475409,,
211,211,211,NaAc,0.058,3,100.0,20250407,142705,142700,2025-04-07T14:27:00,,False,4.756,0.058,76.1249840354003,0.058,0.0,0.0,0.0,0.058,1000.6721311475409,,
212,212,212,NaAc,0.058,5,100.0,20250407,144020,144018,2025-04-07T14:40:18,,False,4.756,0.058,76.1249840354003,0.058,0.0,0.0,0.0,0.058,1000.6721311475409,,
213,213,213,NaAc,0.058,7,100.0,20250407,145218,145215,2025-04-07T14:52:15,,False,4.756,0.058,76.1249840354003,0.058,0.0,0.0,0.0,0.058,1000.6721311475409,,
214,214,214,NaAc,0.058,9,100.0,20250407,150257,150252,2025-04-07T15:02:52,,False,4.756,0.058,76.1249840354003,0.058,0.0,0.0,0.0,0.058,1000.6721311475409,,
215,215,215,NaAc,0.12,1,100.0,20250407,152023,152021,2025-04-07T15:20:21,,False,9.84,0.12,176.29154935504192,0.12,0.0,0.0,0.0,0.12,1003.3147540983607,,
216,216,216,NaAc,0.12,3,100.0,20250407,153444,153440,2025-04-07T15:34:40,,False,9.84,0.12,176.29154935504192,0.12,0.0,0.0,0.0,0.12,1003.3147540983607,,
217,217,217,NaAc,0.12,5,100.0,20250407,154923,154921,2025-04-07T15:49:21,,False,9.84,0.12,176.29154935504192,0.12,0.0,0.0,0.0,0.12,1003.3147540983607,,
218,218,218,NaAc,0.12,7,100.0,20250407,160056,160053,2025-04-07T16:00:53,,False,9.84,0.12,176.29154935504192,0.12,0.0,0.0,0.0,0.12,1003.3147540983607,,
219,219,219,NaAc,0.12,9,100.0,20250407,161237,161235,2025-04-07T16:12:35,,False,9.84,0.12,176.29154935504192,0.12,0.0,0.0,0.0,0.12,1003.3147540983607,,
220,220,220,NaAc,0.0,5,100.0,20250408,111421,102734,2025-04-08T10:27:34,"FP: Use PP 111421. Much later but still water..
PP: Contains addition of NaAc.",False,0.0,0.0,0.0,0.0,0.0,0.0,0.0,0.0,998.1999999999999,,
221,221,221,NaAc,0.24,1,100.0,20250408,112115,112106,2025-04-08T11:21:06,,False,19.68,0.24,533.8283015937955,0.24,0.0,0.0,0.0,0.24,1008.2532258064516,,
222,222,222,NaAc,0.24,3,100.0,20250408,113508,113505,2025-04-08T11:35:05,,False,19.68,0.24,533.8283015937955,0.24,0.0,0.0,0.0,0.24,1008.2532258064516,,
223,223,223,NaAc,0.24,5,100.0,20250408,114713,114710,2025-04-08T11:47:10,"FP: nan.
PP: Much too long",False,19.68,0.24,533.8283015937955,0.24,0.0,0.0,0.0,0.24,1008.2532258064516,,
224,224,224,NaAc,0.24,7,100.0,20250408,115912,115905,2025-04-08T11:59:05,,False,19.68,0.24,533.8283015937955,0.24,0.0,0.0,0.0,0.24,1008.2532258064516,,
225,225,225,NaAc,0.24,9,100.0,20250408,121329,121327,2025-04-08T12:13:27,,False,19.68,0.24,533.8283015937955,0.24,0.0,0.0,0.0,0.24,1008.2532258064516,,
226,226,226,NaAc,0.49,1,100.0,20250408,122837,122833,2025-04-08T12:28:33,,False,40.18,0.49,1900.571045589535,0.49,0.0,0.0,0.0,0.49,1018.1277777777777,,
227,227,227,NaAc,0.49,3,100.0,20250408,131134,131132,2025-04-08T13:11:32,,False,40.18,0.49,1900.571045589535,0.49,0.0,0.0,0.0,0.49,1018.1277777777777,,
228,228,228,NaAc,0.49,5,100.0,20250408,132358,132355,2025-04-08T13:23:55,,False,40.18,0.49,1900.571045589535,0.49,0.0,0.0,0.0,0.49,1018.1277777777777,,
229,229,229,NaAc,0.49,7,100.0,20250408,133453,133450,2025-04-08T13:34:50,,False,40.18,0.49,1900.571045589535,0.49,0.0,0.0,0.0,0.49,1018.1277777777777,,
230,230,230,NaAc,0.49,9,100.0,20250408,134532,134529,2025-04-08T13:45:29,,False,40.18,0.49,1900.571045589535,0.49,0.0,0.0,0.0,0.49,1018.1277777777777,,
231,231,231,NaAc,0.92,1,100.0,20250408,142146,142142,2025-04-08T14:21:42,,False,75.44,0.92,5728.619879494874,0.92,0.0,0.0,0.0,0.92,1034.9083969465648,,
232,232,232,NaAc,0.92,3,100.0,20250408,143550,143548,2025-04-08T14:35:48,,False,75.44,0.92,5728.619879494874,0.92,0.0,0.0,0.0,0.92,1034.9083969465648,,
233,233,233,NaAc,0.92,5,100.0,20250408,144836,144833,2025-04-08T14:48:33,,False,75.44,0.92,5728.619879494874,0.92,0.0,0.0,0.0,0.92,1034.9083969465648,,
234,234,234,NaAc,0.92,7,100.0,20250408,150010,150007,2025-04-08T15:00:07,,False,75.44,0.92,5728.619879494874,0.92,0.0,0.0,0.0,0.92,1034.9083969465648,,
235,235,235,NaAc,0.92,9,100.0,20250408,151025,151023,2025-04-08T15:10:23,,False,75.44,0.92,5728.619879494874,0.92,0.0,0.0,0.0,0.92,1034.9083969465648,,
236,236,236,NH42SO4,0.0,1,100.0,20250409,92600,92540,2025-04-09T09:25:40,,False,0.0,0.0,0.0,0.0,0.0,0.0,0.0,0.0,998.1999999999999,,
237,237,237,NH42SO4,0.0,3,100.0,20250409,94541,94535,2025-04-09T09:45:35,,False,0.0,0.0,0.0,0.0,0.0,0.0,0.0,0.0,998.1999999999999,,
238,238,238,NH42SO4,0.0,5,100.0,20250409,95939,95937,2025-04-09T09:59:37,,False,0.0,0.0,0.0,0.0,0.0,0.0,0.0,0.0,998.1999999999999,,
239,239,239,NH42SO4,0.0,7,100.0,20250409,101201,101157,2025-04-09T10:11:57,,False,0.0,0.0,0.0,0.0,0.0,0.0,0.0,0.0,998.1999999999999,,
240,240,240,NH42SO4,0.0,9,100.0,20250409,102240,102238,2025-04-09T10:22:38,,False,0.0,0.0,0.0,0.0,0.0,0.0,0.0,0.0,998.1999999999999,,
241,241,241,NH42SO4,0.0004,1,100.0,20250409,103622,103619,2025-04-09T10:36:19,,False,0.052856,0.0012000000000000001,102.31787270785567,0.0,0.0008,0.0,0.0004,0.0,998.2315789473683,,
242,242,242,NH42SO4,0.0004,3,100.0,20250409,105104,105054,2025-04-09T10:50:54,,False,0.052856,0.0012000000000000001,102.31787270785567,0.0,0.0008,0.0,0.0004,0.0,998.2315789473683,,
243,243,243,NH42SO4,0.0004,5,100.0,20250409,110221,110218,2025-04-09T11:02:18,,False,0.052856,0.0012000000000000001,102.31787270785567,0.0,0.0008,0.0,0.0004,0.0,998.2315789473683,,
244,244,244,NH42SO4,0.0004,7,100.0,20250409,111343,111341,2025-04-09T11:13:41,,False,0.052856,0.0012000000000000001,102.31787270785567,0.0,0.0008,0.0,0.0004,0.0,998.2315789473683,,
245,245,245,NH42SO4,0.0004,9,100.0,20250409,112559,112557,2025-04-09T11:25:57,,False,0.052856,0.0012000000000000001,102.31787270785567,0.0,0.0008,0.0,0.0004,0.0,998.2315789473683,,
246,246,246,NH42SO4,0.00077,1,100.0,20250409,114143,114140,2025-04-09T11:41:40,,False,0.10174779999999999,0.00231,161.45033170417582,0.0,0.00154,0.0,0.00077,0.0,998.2607894736842,,
247,247,247,NH42SO4,0.00077,3,100.0,20250409,115755,115752,2025-04-09T11:57:52,,False,0.10174779999999999,0.00231,161.45033170417582,0.0,0.00154,0.0,0.00077,0.0,998.2607894736842,,
248,248,248,NH42SO4,0.00077,5,100.0,20250409,121058,121056,2025-04-09T12:10:56,,False,0.10174779999999999,0.00231,161.45033170417582,0.0,0.00154,0.0,0.00077,0.0,998.2607894736842,,
249,249,249,NH42SO4,0.00077,7,100.0,20250409,122135,122130,2025-04-09T12:21:30,,False,0.10174779999999999,0.00231,161.45033170417582,0.0,0.00154,0.0,0.00077,0.0,998.2607894736842,,
250,250,250,NH42SO4,0.00077,9,100.0,20250409,123214,123211,2025-04-09T12:32:11,,False,0.10174779999999999,0.00231,161.45033170417582,0.0,0.00154,0.0,0.00077,0.0,998.2607894736842,,
251,251,251,NH42SO4,0.0015,1,100.0,20250409,132607,132602,2025-04-09T13:26:02,,False,0.19821,0.0045000000000000005,255.18967017697375,0.0,0.003,0.0,0.0015,0.0,998.3184210526316,,
252,252,252,NH42SO4,0.0015,3,100.0,20250409,134145,134142,2025-04-09T13:41:42,,False,0.19821,0.0045000000000000005,255.18967017697375,0.0,0.003,0.0,0.0015,0.0,998.3184210526316,,
253,253,253,NH42SO4,0.0015,5,100.0,20250409,135433,135430,2025-04-09T13:54:30,,False,0.19821,0.0045000000000000005,255.18967017697375,0.0,0.003,0.0,0.0015,0.0,998.3184210526316,,
254,254,254,NH42SO4,0.0015,7,100.0,20250409,140715,140712,2025-04-09T14:07:12,,False,0.19821,0.0045000000000000005,255.18967017697375,0.0,0.003,0.0,0.0015,0.0,998.3184210526316,,
255,255,255,NH42SO4,0.0015,9,100.0,20250409,141743,141740,2025-04-09T14:17:40,,False,0.19821,0.0045000000000000005,255.18967017697375,0.0,0.003,0.0,0.0015,0.0,998.3184210526316,,
256,256,256,NH42SO4,0.0028,1,100.0,20250409,143322,143319,2025-04-09T14:33:19,,False,0.36999199999999993,0.0084,390.8243944418267,0.0,0.0056,0.0,0.0028,0.0,998.421052631579,,
257,257,257,NH42SO4,0.0028,3,100.0,20250409,145118,145115,2025-04-09T14:51:15,,False,0.36999199999999993,0.0084,390.8243944418267,0.0,0.0056,0.0,0.0028,0.0,998.421052631579,,
258,258,258,NH42SO4,0.0028,5,100.0,20250409,150241,150238,2025-04-09T15:02:38,,False,0.36999199999999993,0.0084,390.8243944418267,0.0,0.0056,0.0,0.0028,0.0,998.421052631579,,
259,259,259,NH42SO4,0.0028,7,100.0,20250409,151305,151301,2025-04-09T15:13:01,,False,0.36999199999999993,0.0084,390.8243944418267,0.0,0.0056,0.0,0.0028,0.0,998.421052631579,,
260,260,260,NH42SO4,0.0028,9,100.0,20250409,152533,152531,2025-04-09T15:25:31,,False,0.36999199999999993,0.0084,390.8243944418267,0.0,0.0056,0.0,0.0028,0.0,998.421052631579,,
261,261,261,NH42SO4,0.0,5,100.0,20250410,91022,91006,2025-04-10T09:10:06,,False,0.0,0.0,0.0,0.0,0.0,0.0,0.0,0.0,998.1999999999999,,
262,262,262,NH42SO4,0.0053,1,100.0,20250410,92226,92223,2025-04-10T09:22:23,,False,0.7003419999999999,0.0159,604.957470886771,0.0,0.0106,0.0,0.0053,0.0,998.6184210526316,,
263,263,263,NH42SO4,0.0053,3,100.0,20250410,94111,94108,2025-04-10T09:41:08,,False,0.7003419999999999,0.0159,604.957470886771,0.0,0.0106,0.0,0.0053,0.0,998.6184210526316,,
264,264,264,NH42SO4,0.0053,5,100.0,20250410,95403,95358,2025-04-10T09:53:58,,False,0.7003419999999999,0.0159,604.957470886771,0.0,0.0106,0.0,0.0053,0.0,998.6184210526316,,
265,265,265,NH42SO4,0.0053,7,100.0,20250410,100435,100432,2025-04-10T10:04:32,,False,0.7003419999999999,0.0159,604.957470886771,0.0,0.0106,0.0,0.0053,0.0,998.6184210526316,,
266,266,266,NH42SO4,0.0053,9,100.0,20250410,101647,101642,2025-04-10T10:16:42,,False,0.7003419999999999,0.0159,604.957470886771,0.0,0.0106,0.0,0.0053,0.0,998.6184210526316,,
267,267,267,NH42SO4,0.01,1,100.0,20250410,103027,103025,2025-04-10T10:30:25,,False,1.3214,0.03,940.576311777618,0.0,0.02,0.0,0.01,0.0,998.9894736842106,,
268,268,268,NH42SO4,0.01,3,100.0,20250410,104437,104434,2025-04-10T10:44:34,,False,1.3214,0.03,940.576311777618,0.0,0.02,0.0,0.01,0.0,998.9894736842106,,
269,269,269,NH42SO4,0.01,5,100.0,20250410,105728,105725,2025-04-10T10:57:25,,False,1.3214,0.03,940.576311777618,0.0,0.02,0.0,0.01,0.0,998.9894736842106,,
270,270,270,NH42SO4,0.01,7,100.0,20250410,110747,110744,2025-04-10T11:07:44,,False,1.3214,0.03,940.576311777618,0.0,0.02,0.0,0.01,0.0,998.9894736842106,,
271,271,271,NH42SO4,0.01,9,100.0,20250410,112043,112041,2025-04-10T11:20:41,,False,1.3214,0.03,940.576311777618,0.0,0.02,0.0,0.01,0.0,998.9894736842106,,
272,272,272,NH42SO4,0.02,1,100.0,20250410,113355,113352,2025-04-10T11:33:52,,False,2.6428,0.06,1546.3023967971224,0.0,0.04,0.0,0.02,0.0,999.7789473684211,,
273,273,273,NH42SO4,0.02,3,100.0,20250410,114739,114737,2025-04-10T11:47:37,,False,2.6428,0.06,1546.3023967971224,0.0,0.04,0.0,0.02,0.0,999.7789473684211,,
274,274,274,NH42SO4,0.02,5,100.0,20250410,115912,115909,2025-04-10T11:59:09,,False,2.6428,0.06,1546.3023967971224,0.0,0.04,0.0,0.02,0.0,999.7789473684211,,
275,275,275,NH42SO4,0.02,7,100.0,20250410,120949,120946,2025-04-10T12:09:46,,False,2.6428,0.06,1546.3023967971224,0.0,0.04,0.0,0.02,0.0,999.7789473684211,,
276,276,276,NH42SO4,0.02,9,100.0,20250410,122023,122020,2025-04-10T12:20:20,,False,2.6428,0.06,1546.3023967971224,0.0,0.04,0.0,0.02,0.0,999.7789473684211,,
277,277,277,NH42SO4,0.037,1,100.0,20250410,132458,132453,2025-04-10T13:24:53,,False,4.88918,0.11099999999999999,2454.2365862783918,0.0,0.074,0.0,0.037,0.0,1001.121052631579,,
278,278,278,NH42SO4,0.037,3,100.0,20250410,133804,133802,2025-04-10T13:38:02,,False,4.88918,0.11099999999999999,2454.2365862783918,0.0,0.074,0.0,0.037,0.0,1001.121052631579,,
279,279,279,NH42SO4,0.037,5,100.0,20250410,135002,135000,2025-04-10T13:50:00,,False,4.88918,0.11099999999999999,2454.2365862783918,0.0,0.074,0.0,0.037,0.0,1001.121052631579,,
280,280,280,NH42SO4,0.037,7,100.0,20250410,142006,142002,2025-04-10T14:20:02,,False,4.88918,0.11099999999999999,2454.2365862783918,0.0,0.074,0.0,0.037,0.0,1001.121052631579,,
281,281,281,NH42SO4,0.037,9,100.0,20250410,143147,143146,2025-04-10T14:31:46,,False,4.88918,0.11099999999999999,2454.2365862783918,0.0,0.074,0.0,0.037,0.0,1001.121052631579,,
282,282,282,NH42SO4,0.072,1,100.0,20250410,144425,144422,2025-04-10T14:44:22,,False,9.514079999999998,0.21599999999999997,4161.931236347347,0.0,0.144,0.0,0.072,0.0,1003.8842105263157,,
283,283,283,NH42SO4,0.072,3,100.0,20250410,145714,145711,2025-04-10T14:57:11,,False,9.514079999999998,0.21599999999999997,4161.931236347347,0.0,0.144,0.0,0.072,0.0,1003.8842105263157,,
284,284,284,NH42SO4,0.072,5,100.0,20250410,151157,151155,2025-04-10T15:11:55,,False,9.514079999999998,0.21599999999999997,4161.931236347347,0.0,0.144,0.0,0.072,0.0,1003.8842105263157,,
285,285,285,NH42SO4,0.072,7,100.0,20250410,152355,152350,2025-04-10T15:23:50,,False,9.514079999999998,0.21599999999999997,4161.931236347347,0.0,0.144,0.0,0.072,0.0,1003.8842105263157,,
286,286,286,NH42SO4,0.072,9,100.0,20250410,153340,153336,2025-04-10T15:33:36,,False,9.514079999999998,0.21599999999999997,4161.931236347347,0.0,0.144,0.0,0.072,0.0,1003.8842105263157,,
287,287,287,NH42SO4,0.0,5,100.0,20250411,93225,93221,2025-04-11T09:32:21,,False,0.0,0.0,0.0,0.0,0.0,0.0,0.0,0.0,998.1999999999999,,
288,288,288,NH42SO4,0.14,1,100.0,20250411,95022,95019,2025-04-11T09:50:19,,False,18.4996,0.42000000000000004,7295.399719560837,0.0,0.28,0.0,0.14,0.0,1009.1038961038961,,
289,289,289,NH42SO4,0.14,3,100.0,20250411,100205,100202,2025-04-11T10:02:02,,False,18.4996,0.42000000000000004,7295.399719560837,0.0,0.28,0.0,0.14,0.0,1009.1038961038961,,
290,290,290,NH42SO4,0.14,5,100.0,20250411,101555,101552,2025-04-11T10:15:52,,False,18.4996,0.42000000000000004,7295.399719560837,0.0,0.28,0.0,0.14,0.0,1009.1038961038961,,
291,291,291,NH42SO4,0.14,7,100.0,20250411,102544,102542,2025-04-11T10:25:42,,False,18.4996,0.42000000000000004,7295.399719560837,0.0,0.28,0.0,0.14,0.0,1009.1038961038961,,
292,292,292,NH42SO4,0.14,9,100.0,20250411,103845,103842,2025-04-11T10:38:42,,False,18.4996,0.42000000000000004,7295.399719560837,0.0,0.28,0.0,0.14,0.0,1009.1038961038961,,
293,293,293,NH42SO4,0.26,1,100.0,20250411,105625,105621,2025-04-11T10:56:21,,False,34.3564,0.78,12674.71881897045,0.0,0.52,0.0,0.26,0.0,1018.2307692307693,,
294,294,294,NH42SO4,0.26,3,100.0,20250411,111154,111151,2025-04-11T11:11:51,,False,34.3564,0.78,12674.71881897045,0.0,0.52,0.0,0.26,0.0,1018.2307692307693,,
295,295,295,NH42SO4,0.26,5,100.0,20250411,112158,112155,2025-04-11T11:21:55,,False,34.3564,0.78,12674.71881897045,0.0,0.52,0.0,0.26,0.0,1018.2307692307693,,
296,296,296,NH42SO4,0.26,7,100.0,20250411,113132,113130,2025-04-11T11:31:30,,False,34.3564,0.78,12674.71881897045,0.0,0.52,0.0,0.26,0.0,1018.2307692307693,,
297,297,297,NH42SO4,0.26,9,100.0,20250411,114354,114352,2025-04-11T11:43:52,,False,34.3564,0.78,12674.71881897045,0.0,0.52,0.0,0.26,0.0,1018.2307692307693,,
298,298,298,NH42SO4,0.5,1,100.0,20250411,120238,120229,2025-04-11T12:02:29,,False,66.07,1.5,23328.048174492593,0.0,1.0,0.0,0.5,0.0,1036.030487804878,,
299,299,299,NH42SO4,0.5,3,100.0,20250411,135224,135220,2025-04-11T13:52:20,,False,66.07,1.5,23328.048174492593,0.0,1.0,0.0,0.5,0.0,1036.030487804878,,
300,300,300,NH42SO4,0.5,5,100.0,20250411,140214,140212,2025-04-11T14:02:12,,False,66.07,1.5,23328.048174492593,0.0,1.0,0.0,0.5,0.0,1036.030487804878,,
301,301,301,NH42SO4,0.5,7,100.0,20250411,141130,141127,2025-04-11T14:11:27,,False,66.07,1.5,23328.048174492593,0.0,1.0,0.0,0.5,0.0,1036.030487804878,,
302,302,302,NH42SO4,0.5,9,100.0,20250411,142046,142043,2025-04-11T14:20:43,,False,66.07,1.5,23328.048174492593,0.0,1.0,0.0,0.5,0.0,1036.030487804878,,
303,303,303,Na2SO4,0.0,1,100.0,20250414,100807,100803,2025-04-14T10:08:03,,False,0.0,0.0,0.0,0.0,0.0,0.0,0.0,0.0,998.1999999999999,,
304,304,304,Na2SO4,0.0,3,100.0,20250414,102330,102327,2025-04-14T10:23:27,,False,0.0,0.0,0.0,0.0,0.0,0.0,0.0,0.0,998.1999999999999,,
305,305,305,Na2SO4,0.0,5,100.0,20250414,103533,103531,2025-04-14T10:35:31,,False,0.0,0.0,0.0,0.0,0.0,0.0,0.0,0.0,998.1999999999999,,
306,306,306,Na2SO4,0.0,7,100.0,20250414,104557,104553,2025-04-14T10:45:53,,False,0.0,0.0,0.0,0.0,0.0,0.0,0.0,0.0,998.1999999999999,,
307,307,307,Na2SO4,0.0,9,100.0,20250414,105640,105638,2025-04-14T10:56:38,,False,0.0,0.0,0.0,0.0,0.0,0.0,0.0,0.0,998.1999999999999,,
308,308,308,Na2SO4,0.0004,1,100.0,20250414,111144,111132,2025-04-14T11:11:32,,False,0.056816,0.0012000000000000001,102.31787270785567,0.0008,0.0,0.0,0.0004,0.0,998.2514285714286,,
309,309,309,Na2SO4,0.0004,3,100.0,20250414,112734,112732,2025-04-14T11:27:32,,False,0.056816,0.0012000000000000001,102.31787270785567,0.0008,0.0,0.0,0.0004,0.0,998.2514285714286,,
310,310,310,Na2SO4,0.0004,5,100.0,20250414,113906,113904,2025-04-14T11:39:04,,False,0.056816,0.0012000000000000001,102.31787270785567,0.0008,0.0,0.0,0.0004,0.0,998.2514285714286,,
311,311,311,Na2SO4,0.0004,7,100.0,20250414,115003,115001,2025-04-14T11:50:01,,False,0.056816,0.0012000000000000001,102.31787270785567,0.0008,0.0,0.0,0.0004,0.0,998.2514285714286,,
312,312,312,Na2SO4,0.0004,9,100.0,20250414,120145,120143,2025-04-14T12:01:43,,False,0.056816,0.0012000000000000001,102.31787270785567,0.0008,0.0,0.0,0.0004,0.0,998.2514285714286,,
313,313,313,Na2SO4,0.00077,1,100.0,20250414,121524,121521,2025-04-14T12:15:21,,False,0.10937079999999999,0.00231,161.45033170417582,0.00154,0.0,0.0,0.00077,0.0,998.299,,
314,314,314,Na2SO4,0.00077,3,100.0,20250414,131842,131839,2025-04-14T13:18:39,,False,0.10937079999999999,0.00231,161.45033170417582,0.00154,0.0,0.0,0.00077,0.0,998.299,,
315,315,315,Na2SO4,0.00077,5,100.0,20250414,133203,133200,2025-04-14T13:32:00,"FP: nan.
PP: Very long. Includes moving the fiber",False,0.10937079999999999,0.00231,161.45033170417582,0.00154,0.0,0.0,0.00077,0.0,998.299,,
316,316,316,Na2SO4,0.00077,7,100.0,20250414,134234,134228,2025-04-14T13:42:28,,False,0.10937079999999999,0.00231,161.45033170417582,0.00154,0.0,0.0,0.00077,0.0,998.299,,
317,317,317,Na2SO4,0.00077,9,100.0,20250414,135255,135253,2025-04-14T13:52:53,,False,0.10937079999999999,0.00231,161.45033170417582,0.00154,0.0,0.0,0.00077,0.0,998.299,,
318,318,318,Na2SO4,0.0015,1,100.0,20250414,141034,141031,2025-04-14T14:10:31,,False,0.21306,0.0045000000000000005,255.18967017697375,0.003,0.0,0.0,0.0015,0.0,998.3928571428571,,
319,319,319,Na2SO4,0.0015,3,100.0,20250414,143325,143323,2025-04-14T14:33:23,,False,0.21306,0.0045000000000000005,255.18967017697375,0.003,0.0,0.0,0.0015,0.0,998.3928571428571,,
320,320,320,Na2SO4,0.0015,5,100.0,20250414,144452,144450,2025-04-14T14:44:50,,False,0.21306,0.0045000000000000005,255.18967017697375,0.003,0.0,0.0,0.0015,0.0,998.3928571428571,,
321,321,321,Na2SO4,0.0015,7,100.0,20250414,150751,150745,2025-04-14T15:07:45,,False,0.21306,0.0045000000000000005,255.18967017697375,0.003,0.0,0.0,0.0015,0.0,998.3928571428571,,
322,322,322,Na2SO4,0.0015,9,100.0,20250414,152306,152304,2025-04-14T15:23:04,,False,0.21306,0.0045000000000000005,255.18967017697375,0.003,0.0,0.0,0.0015,0.0,998.3928571428571,,
323,323,323,Na2SO4,0.0,5,100.0,20250417,101717,101714,2025-04-17T10:17:14,,False,0.0,0.0,0.0,0.0,0.0,0.0,0.0,0.0,998.1999999999999,,
324,324,324,Na2SO4,0.0053,1,100.0,20250417,103213,103209,2025-04-17T10:32:09,,False,0.7528119999999999,0.0159,604.957470886771,0.0106,0.0,0.0,0.0053,0.0,998.8814285714286,,
325,325,325,Na2SO4,0.0053,3,100.0,20250417,104648,104645,2025-04-17T10:46:45,,False,0.7528119999999999,0.0159,604.957470886771,0.0106,0.0,0.0,0.0053,0.0,998.8814285714286,,
326,326,326,Na2SO4,0.0053,5,100.0,20250417,105808,105806,2025-04-17T10:58:06,,False,0.7528119999999999,0.0159,604.957470886771,0.0106,0.0,0.0,0.0053,0.0,998.8814285714286,,
327,327,327,Na2SO4,0.0053,7,100.0,20250417,110820,110817,2025-04-17T11:08:17,,False,0.7528119999999999,0.0159,604.957470886771,0.0106,0.0,0.0,0.0053,0.0,998.8814285714286,,
328,328,328,Na2SO4,0.0053,9,100.0,20250417,112154,112150,2025-04-17T11:21:50,,False,0.7528119999999999,0.0159,604.957470886771,0.0106,0.0,0.0,0.0053,0.0,998.8814285714286,,
329,329,329,Na2SO4,0.01,1,100.0,20250417,113534,113531,2025-04-17T11:35:31,,False,1.4203999999999999,0.03,940.576311777618,0.02,0.0,0.0,0.01,0.0,999.4857142857142,,
330,330,330,Na2SO4,0.01,3,100.0,20250417,115041,115038,2025-04-17T11:50:38,,False,1.4203999999999999,0.03,940.576311777618,0.02,0.0,0.0,0.01,0.0,999.4857142857142,,
331,331,331,Na2SO4,0.01,5,100.0,20250417,120150,120147,2025-04-17T12:01:47,,False,1.4203999999999999,0.03,940.576311777618,0.02,0.0,0.0,0.01,0.0,999.4857142857142,,
332,332,332,Na2SO4,0.01,7,100.0,20250417,121206,121203,2025-04-17T12:12:03,,False,1.4203999999999999,0.03,940.576311777618,0.02,0.0,0.0,0.01,0.0,999.4857142857142,,
333,333,333,Na2SO4,0.01,9,100.0,20250417,122305,122303,2025-04-17T12:23:03,,False,1.4203999999999999,0.03,940.576311777618,0.02,0.0,0.0,0.01,0.0,999.4857142857142,,
334,334,334,Na2SO4,0.02,1,100.0,20250417,123653,123651,2025-04-17T12:36:51,,False,2.8407999999999998,0.06,1546.3023967971224,0.04,0.0,0.0,0.02,0.0,1000.7714285714284,,
335,335,335,Na2SO4,0.02,3,100.0,20250417,132625,132623,2025-04-17T13:26:23,,False,2.8407999999999998,0.06,1546.3023967971224,0.04,0.0,0.0,0.02,0.0,1000.7714285714284,,
336,336,336,Na2SO4,0.02,5,100.0,20250417,133810,133808,2025-04-17T13:38:08,,False,2.8407999999999998,0.06,1546.3023967971224,0.04,0.0,0.0,0.02,0.0,1000.7714285714284,,
337,337,337,Na2SO4,0.02,7,100.0,20250417,134933,134929,2025-04-17T13:49:29,,False,2.8407999999999998,0.06,1546.3023967971224,0.04,0.0,0.0,0.02,0.0,1000.7714285714284,,
338,338,338,Na2SO4,0.02,9,100.0,20250417,140148,140146,2025-04-17T14:01:46,,False,2.8407999999999998,0.06,1546.3023967971224,0.04,0.0,0.0,0.02,0.0,1000.7714285714284,,
339,339,339,Na2SO4,0.037,1,100.0,20250417,141804,141802,2025-04-17T14:18:02,,False,5.2554799999999995,0.11099999999999999,2454.2365862783918,0.074,0.0,0.0,0.037,0.0,1002.9444444444445,,
340,340,340,Na2SO4,0.037,3,100.0,20250417,143138,143132,2025-04-17T14:31:32,,False,5.2554799999999995,0.11099999999999999,2454.2365862783918,0.074,0.0,0.0,0.037,0.0,1002.9444444444445,,
341,341,341,Na2SO4,0.037,5,100.0,20250417,144345,144341,2025-04-17T14:43:41,,False,5.2554799999999995,0.11099999999999999,2454.2365862783918,0.074,0.0,0.0,0.037,0.0,1002.9444444444445,,
342,342,342,Na2SO4,0.037,7,100.0,20250417,145728,145726,2025-04-17T14:57:26,,False,5.2554799999999995,0.11099999999999999,2454.2365862783918,0.074,0.0,0.0,0.037,0.0,1002.9444444444445,,
343,343,343,Na2SO4,0.037,9,100.0,20250417,150849,150847,2025-04-17T15:08:47,,False,5.2554799999999995,0.11099999999999999,2454.2365862783918,0.074,0.0,0.0,0.037,0.0,1002.9444444444445,,
344,344,344,Na2SO4,0.072,1,100.0,20250417,152443,152440,2025-04-17T15:24:40,,False,10.22688,0.21599999999999997,4161.931236347347,0.144,0.0,0.0,0.072,0.0,1007.225,,
345,345,345,Na2SO4,0.072,3,100.0,20250417,153840,153838,2025-04-17T15:38:38,,False,10.22688,0.21599999999999997,4161.931236347347,0.144,0.0,0.0,0.072,0.0,1007.225,,
346,346,346,Na2SO4,0.072,5,100.0,20250417,155030,155028,2025-04-17T15:50:28,,False,10.22688,0.21599999999999997,4161.931236347347,0.144,0.0,0.0,0.072,0.0,1007.225,,
347,347,347,Na2SO4,0.072,7,100.0,20250417,160011,160008,2025-04-17T16:00:08,,False,10.22688,0.21599999999999997,4161.931236347347,0.144,0.0,0.0,0.072,0.0,1007.225,,
348,348,348,Na2SO4,0.072,9,100.0,20250417,161239,161236,2025-04-17T16:12:36,,False,10.22688,0.21599999999999997,4161.931236347347,0.144,0.0,0.0,0.072,0.0,1007.225,,
349,349,349,Na2SO4,0.0,5,100.0,20250422,104608,104602,2025-04-22T10:46:02,,False,0.0,0.0,0.0,0.0,0.0,0.0,0.0,0.0,998.1999999999999,,
350,350,350,Na2SO4,0.14,1,100.0,20250422,105918,105912,2025-04-22T10:59:12,,False,19.8856,0.42000000000000004,7295.399719560837,0.28,0.0,0.0,0.14,0.0,1015.725,,
351,351,351,Na2SO4,0.14,3,100.0,20250422,111048,111046,2025-04-22T11:10:46,,False,19.8856,0.42000000000000004,7295.399719560837,0.28,0.0,0.0,0.14,0.0,1015.725,,
352,352,352,Na2SO4,0.14,5,100.0,20250422,112212,112209,2025-04-22T11:22:09,,False,19.8856,0.42000000000000004,7295.399719560837,0.28,0.0,0.0,0.14,0.0,1015.725,,
353,353,353,Na2SO4,0.14,7,100.0,20250422,113205,113156,2025-04-22T11:31:56,,False,19.8856,0.42000000000000004,7295.399719560837,0.28,0.0,0.0,0.14,0.0,1015.725,,
354,354,354,Na2SO4,0.14,9,100.0,20250422,114246,114244,2025-04-22T11:42:44,,False,19.8856,0.42000000000000004,7295.399719560837,0.28,0.0,0.0,0.14,0.0,1015.725,,
355,355,355,Na2SO4,0.26,1,100.0,20250422,120926,120924,2025-04-22T12:09:24,,False,36.9304,0.78,12674.71881897045,0.52,0.0,0.0,0.26,0.0,1030.4878378378378,,
356,356,356,Na2SO4,0.26,3,100.0,20250422,122020,122017,2025-04-22T12:20:17,,False,36.9304,0.78,12674.71881897045,0.52,0.0,0.0,0.26,0.0,1030.4878378378378,,
357,357,357,Na2SO4,0.26,5,100.0,20250422,123422,123419,2025-04-22T12:34:19,,False,36.9304,0.78,12674.71881897045,0.52,0.0,0.0,0.26,0.0,1030.4878378378378,,
358,358,358,Na2SO4,0.26,7,100.0,20250422,132811,132808,2025-04-22T13:28:08,,False,36.9304,0.78,12674.71881897045,0.52,0.0,0.0,0.26,0.0,1030.4878378378378,,
359,359,359,Na2SO4,0.26,9,100.0,20250422,133740,133737,2025-04-22T13:37:37,,False,36.9304,0.78,12674.71881897045,0.52,0.0,0.0,0.26,0.0,1030.4878378378378,,
360,360,360,Na2SO4,0.5,3,100.0,20250422,141419,141416,2025-04-22T14:14:16,"FP: Or was it position 1? Chaos..
PP: nan",False,71.02,1.5,23328.048174492593,1.0,0.0,0.0,0.5,0.0,1059.1576923076925,,
361,361,361,Na2SO4,0.5,1,100.0,20250422,142533,142531,2025-04-22T14:25:31,,False,71.02,1.5,23328.048174492593,1.0,0.0,0.0,0.5,0.0,1059.1576923076925,,
362,362,362,Na2SO4,0.5,5,100.0,20250422,143958,143955,2025-04-22T14:39:55,,False,71.02,1.5,23328.048174492593,1.0,0.0,0.0,0.5,0.0,1059.1576923076925,,
363,363,363,Na2SO4,0.5,7,100.0,20250422,145207,145204,2025-04-22T14:52:04,,False,71.02,1.5,23328.048174492593,1.0,0.0,0.0,0.5,0.0,1059.1576923076925,,
364,364,364,Na2SO4,0.5,9,100.0,20250422,150108,150106,2025-04-22T15:01:06,,False,71.02,1.5,23328.048174492593,1.0,0.0,0.0,0.5,0.0,1059.1576923076925,,
